source,target,weight
Georgia,Minnesota,11
Georgia,California,10
Georgia,North Carolina,6
Georgia,Ohio State,8
Georgia,Colorado,10
Georgia,Tulane,13
Georgia,Tennessee,15
Georgia,Central Florida,10
Georgia,LSU,11
Georgia,Florida,8
Georgia,South Florida,13
Georgia,Georgia Tech,9
Georgia,Alabama,14
Georgia,Georgia State,13
Georgia,Kennesaw State,14
Georgia,Texas A,13
Georgia,Rutgers,13
Georgia,Brown,11
Georgia,Oklahoma,10
Georgia,Michigan,13
Georgia,Texas,10
Minnesota,Georgia,9
Minnesota,Ohio State,10
Minnesota,North Carolina,9
Minnesota,California,12
Minnesota,Rutgers,10
Minnesota,Wisconsin,15
Minnesota,Marquette,9
Minnesota,Iowa State,15
Minnesota,Luther,1
Minnesota,Minnesota,1
Minnesota,Carleton College,10
Minnesota,Minnesota State,12
Minnesota,North Dakota,15
Minnesota,Florida State,13
Minnesota,Brown,7
Minnesota,Texas,10
Minnesota,Harvard,11
Minnesota,Tufts,8
Minnesota,Northeastern,13
Minnesota,Macalester,10
Minnesota,Carleton Hot,8
Minnesota,Winona State,12
Minnesota,Bethel,9
Ohio State,Minnesota,8
Ohio State,California,14
Ohio State,Georgia,14
Ohio State,Brown,10
Ohio State,Washington,14
Ohio State,Toledo,13
Ohio State,Miami,13
Ohio State,Kent State,13
Ohio State,Case Western,10
Ohio State,Ohio,15
Ohio State,Cincinnati,15
Ohio State,West Chester,15
Ohio State,Pennsylvania,13
Ohio State,Oberlin,13
Ohio State,Temple,11
Ohio State,Penn State,9
Ohio State,Pittsburgh,0
Ohio State,Dartmouth,13
Ohio State,North Carolina,13
Ohio State,Tennessee,13
Ohio State,Appalachian State,12
Ohio State,Alabama,13
California,Georgia,8
California,North Carolina,4
California,Ohio State,8
California,Minnesota,8
California,Northeastern,9
California,California,4
California,Humboldt State,13
California,Sacramento State,11
California,Fresno State,11
California,Las Positas,11
California,Stanford,13
California,Chico State,10
California,Santa Clara,4
California,Cal Poly,13
California,Cal State,13
California,UCLA,8
California,Southern California,11
California,San Diego,12
California,Loyola Marymount,13
California,New Mexico,13
California,Northern Arizona,11
California,Arizona,13
California,Arizona State,4
California,Susquehanna,7
California,Dickinson,13
California,Shippensburg,2
California,Allegheny,10
California,Michigan State,13
California,Washington,11
California,Western Washington,14
California,Dartmouth,10
California,Texas,10
California,Victoria,9
California,Connecticut,13
California,British Columbia,9
California,Colorado State,14
California,Brigham Young,10
California,Seven Hills,12
California,Duke,13
California,Portland,9
California,San Jose,10
California,Whitman,6
California,North Texas,13
California,Lewis,11
California,Air Force,0
California,Washington University,7
North Carolina,California,15
North Carolina,Georgia,15
North Carolina,Minnesota,15
North Carolina,Michigan,14
North Carolina,Brown,8
North Carolina,Iowa State,15
North Carolina,Texas,13
North Carolina,Cal Poly,15
North Carolina,Wisconsin,15
North Carolina,Tufts,11
North Carolina,East Carolina,11
North Carolina,Johns Hopkins,13
North Carolina,Virginia,9
North Carolina,Appalachian State,13
North Carolina,Maryland,15
North Carolina,Liberty,13
North Carolina,James Madison,13
North Carolina,William,13
North Carolina,Virginia Tech,12
North Carolina,South Carolina,4
North Carolina,Georgetown,10
North Carolina,North Carolina,15
North Carolina,Christopher Newport,13
North Carolina,Elon,11
North Carolina,Richmond,13
North Carolina,Mary Washington,13
North Carolina,High Point,13
North Carolina,Duke,8
North Carolina,Charleston,11
North Carolina,Clemson,9
North Carolina,Wake Forest,13
North Carolina,Davidson,12
North Carolina,Campbell,10
North Carolina,Anderson,12
North Carolina,Carleton College,15
North Carolina,Georgia Tech,8
North Carolina,Tennessee,6
North Carolina,Temple,13
North Carolina,Florida State,15
North Carolina,Emory,15
North Carolina,Notre Dame,10
North Carolina,Vermont,7
North Carolina,Virginia Commonwealth,7
North Carolina,George Mason,15
North Carolina,Drexel University,15
North Carolina,Ohio State,15
North Carolina,Dartmouth,13
North Carolina,Carnegie Mellon,12
North Carolina,Alabama,15
North Carolina,Chicago,15
North Carolina,Auburn,12
North Carolina,Ohio,10
North Carolina,Massachusetts,16
Brown,Iowa State,15
Brown,North Carolina,14
Brown,Texas,12
Brown,Michigan,15
Brown,Colorado,15
Brown,Ohio State,15
Brown,Massachusetts,13
Brown,Vermont,13
Brown,New Hampshire,12
Brown,Maine,13
Brown,Colby,15
Brown,Amherst College,15
Brown,Massachusetts Amherst,8
Brown,Dartmouth,13
Brown,Northeastern,9
Brown,Boston College,13
Brown,MIT,13
Brown,Tufts,15
Brown,Minnesota,13
Brown,Georgia,15
Brown,Cornell,13
Brown,Northwestern,12
Brown,Emory,13
Brown,Central Florida,15
Brown,Texas A,15
Iowa State,Brown,11
Iowa State,Texas,7
Iowa State,North Carolina,13
Iowa State,Michigan,14
Iowa State,Victoria,12
Iowa State,Wisconsin,15
Iowa State,Minnesota,5
Iowa State,Marquette,8
Iowa State,Iowa,13
Iowa State,Northern Iowa,13
Iowa State,Nebraska,13
Iowa State,Creighton,13
Michigan,North Carolina,15
Michigan,Texas,10
Michigan,Iowa State,15
Michigan,Brown,7
Michigan,Cal Poly,10
Michigan,Oregon,13
Michigan,Chicago,11
Michigan,Illinois State,9
Michigan,Purdue,11
Michigan,Northwestern,15
Michigan,Indiana,15
Michigan,Illinois,15
Michigan,Notre Dame,6
Michigan,Kentucky,11
Michigan,Michigan State,11
Michigan,Western Michigan,15
Michigan,Rutgers,13
Michigan,Boston College,13
Michigan,Florida,13
Michigan,Emory,13
Michigan,Texas A,13
Michigan,Cornell,13
Michigan,Georgia,8
Texas,Michigan,9
Texas,Iowa State,15
Texas,Brown,10
Texas,North Carolina,14
Texas,Wisconsin,11
Texas,Baylor,13
Texas,North Texas,6
Texas,Stephen F,5
Texas,Texas Tech,12
Texas,Southern Methodist,7
Texas,Texas Christian,5
Texas,Texas,7
Texas,Colorado,11
Texas,Colorado State,9
Texas,Oklahoma State,15
Texas,Saint Louis,15
Texas,Kansas State,15
Texas,Texas A,10
Texas,Oklahoma,13
Texas,Sam Houston,12
Texas,Texas State,4
Texas,Lamar,1
Texas,Houston,4
Texas,Colorado College,1
Texas,Rice,6
Texas,Marcus,0
Texas,Alabama,13
Texas,Brigham Young,12
Texas,Kennesaw State,13
Texas,Central Florida,11
Texas,Minnesota,12
Texas,Northeastern,10
Texas,LSU,10
Texas,Tufts,11
Texas,South Florida,12
Texas,Illinois State,9
Texas,Rutgers,12
Texas,Pittsburgh,10
Texas,Georgia,13
Texas,Western Washington,11
Texas,Cal Poly,6
Texas,California,5
Texas,Dartmouth,13
Texas,Stanford,11
Texas,San Jose,11
Texas,Whitman,5
Texas,Santa Clara,1
Oregon,Tufts,15
Oregon,Pittsburgh,12
Oregon,Victoria,15
Oregon,Wisconsin,12
Oregon,Michigan,12
Oregon,Oregon State,15
Oregon,Washington,14
Oregon,Western Washington,15
Oregon,Washington State,15
Oregon,Whitman,15
Oregon,Puget Sound,15
Oregon,Utah State,13
Oregon,Boise State,13
Oregon,Montana State,13
Oregon,Sacramento State,12
Oregon,Claremont,8
Oregon,Carleton College,5
Oregon,Control,11
Tufts,Oregon,8
Tufts,Wisconsin,9
Tufts,Victoria,10
Tufts,Pittsburgh,5
Tufts,North Carolina,15
Tufts,Massachusetts,12
Tufts,Harvard,13
Tufts,Northeastern,0
Tufts,MIT,9
Tufts,Boston College,7
Tufts,Boston University,15
Tufts,Tufts,5
Tufts,Dartmouth,13
Tufts,New Hampshire,0
Tufts,Brown,7
Tufts,Vermont,15
Tufts,Central Florida,11
Tufts,Temple,13
Tufts,Emory,11
Tufts,Texas,9
Tufts,Kennesaw State,9
Tufts,LSU,11
Tufts,Minnesota,15
Tufts,Carleton College,15
Wisconsin,Victoria,15
Wisconsin,Tufts,10
Wisconsin,Pittsburgh,7
Wisconsin,Oregon,9
Wisconsin,North Carolina,8
Wisconsin,Texas,13
Wisconsin,Wisconsin,9
Wisconsin,Marquette,15
Wisconsin,Northern Michigan,9
Wisconsin,Carthage College,12
Wisconsin,Michigan Tech,5
Wisconsin,Milwaukee School,7
Wisconsin,Macalester,8
Wisconsin,Carleton College,8
Wisconsin,Carleton Hot,13
Wisconsin,Luther,1
Wisconsin,St Olaf,13
Wisconsin,St,15
Wisconsin,Minnesota,10
Wisconsin,Iowa State,9
Wisconsin,Virginia Tech,12
Wisconsin,Brigham Young,15
Wisconsin,Florida,13
Wisconsin,LSU,8
Wisconsin,Emory,15
Wisconsin,Alabama,15
Wisconsin,Illinois State,15
Victoria,Wisconsin,6
Victoria,Pittsburgh,14
Victoria,Tufts,13
Victoria,Oregon,5
Victoria,Iowa State,8
Victoria,Western Washington,12
Victoria,Whitman,13
Victoria,Washington,8
Victoria,Brigham Young,8
Victoria,Oregon State,13
Victoria,Cal Poly,7
Victoria,British Columbia,13
Victoria,Utah,14
Victoria,Idaho,13
Victoria,Montana,14
Victoria,California,11
Victoria,Connecticut,12
Victoria,Stanford,13
Victoria,Southern California,13
Pittsburgh,Oregon,14
Pittsburgh,Victoria,9
Pittsburgh,Wisconsin,10
Pittsburgh,Tufts,12
Pittsburgh,Colorado,13
Pittsburgh,Carnegie Mellon,13
Pittsburgh,Villanova,15
Pittsburgh,Miami,W
Pittsburgh,Temple,15
Pittsburgh,Lehigh,10
Pittsburgh,Pennsylvania,13
Pittsburgh,Penn State,15
Pittsburgh,Case Western,14
Pittsburgh,Oberlin,15
Pittsburgh,Ohio State,0
Pittsburgh,West Virginia,15
Pittsburgh,Edinboro,15
Pittsburgh,Indiana,15
Pittsburgh,Slippery Rock,15
Pittsburgh,Northwestern,13
Pittsburgh,South Florida,13
Pittsburgh,Carleton College,13
Pittsburgh,Brigham Young,11
Pittsburgh,Central Florida,13
Pittsburgh,Texas,12
Pittsburgh,Texas A,12
Colorado,Northeastern,15
Colorado,Cal Poly,10
Colorado,Rutgers,14
Colorado,Washington,14
Colorado,Brown,10
Colorado,Pittsburgh,15
Colorado,Georgia,12
Colorado,Colorado State,10
Colorado,Denver,7
Colorado,Colorado,6
Colorado,Colorado Mesa,11
Colorado,Texas,13
Colorado,Texas A,14
Colorado,Oklahoma State,11
Colorado,Texas State,15
Colorado,Saint Louis,9
Northeastern,Colorado,11
Northeastern,Washington,11
Northeastern,Rutgers,15
Northeastern,Cal Poly,14
Northeastern,California,10
Northeastern,Boston University,13
Northeastern,Boston College,13
Northeastern,MIT,13
Northeastern,Harvard,13
Northeastern,Tufts,15
Northeastern,Massachusetts,14
Northeastern,Northeastern,0
Northeastern,Brown,12
Northeastern,Vermont,13
Northeastern,Dartmouth,8
Northeastern,Massachusetts Amherst,10
Northeastern,Northwestern,11
Northeastern,LSU,9
Northeastern,Texas A,9
Northeastern,Texas,7
Northeastern,South Carolina,11
Northeastern,Kennesaw State,12
Northeastern,Minnesota,9
Northeastern,Carleton College,10
Washington,Rutgers,15
Washington,Northeastern,14
Washington,Cal Poly,11
Washington,Colorado,13
Washington,Ohio State,9
Washington,Oregon State,15
Washington,Victoria,13
Washington,British Columbia,1
Washington,Brigham Young,12
Washington,Western Washington,15
Washington,Whitman,7
Washington,Oregon,13
Washington,Washington,1
Washington,Lewis,5
Washington,Humboldt State,15
Washington,Nevada,3
Washington,Portland State,7
Washington,Montana,13
Washington,Idaho,13
Washington,Utah,13
Washington,California,5
Washington,Michigan State,13
Washington,Southern California,12
Washington,UCLA,13
Washington,Stanford,12
Washington,Las Positas,3
Washington,Arizona,10
Rutgers,Washington,10
Rutgers,Cal Poly,4
Rutgers,Northeastern,7
Rutgers,Colorado,8
Rutgers,Minnesota,9
Rutgers,SUNY,0
Rutgers,Syracuse,13
Rutgers,Connecticut,7
Rutgers,Yale,13
Rutgers,Princeton,9
Rutgers,Cornell,10
Rutgers,Columbia,11
Rutgers,New Jersey,13
Rutgers,NYU,10
Rutgers,Michigan,10
Rutgers,Florida,11
Rutgers,Georgia,6
Rutgers,South Carolina,8
Rutgers,Texas,6
Rutgers,Alabama,11
Rutgers,Northwestern,13
Rutgers,Illinois State,13
Cal Poly,Rutgers,15
Cal Poly,Colorado,13
Cal Poly,Washington,13
Cal Poly,Northeastern,8
Cal Poly,North Carolina,10
Cal Poly,Michigan,15
Cal Poly,Whitman,13
Cal Poly,Western Washington,13
Cal Poly,Stanford,11
Cal Poly,Victoria,13
Cal Poly,Oregon State,13
Cal Poly,Brigham Young,9
Cal Poly,California,2
Cal Poly,Cal Poly,7
Cal Poly,Cal State,12
Cal Poly,Southern California,0
Cal Poly,UCLA,12
Cal Poly,San Diego,10
Cal Poly,Las Positas,13
Cal Poly,Arizona State,5
Cal Poly,Arizona,13
Cal Poly,Texas,13
Cal Poly,Dartmouth,13
Cal Poly,British Columbia,13
Cal Poly,Portland,5
Cal Poly,Duke,2
Cal Poly,Colorado School,9
Cal Poly,Washington University,8
Cal Poly,Whitworth,0
Cal Poly,San Jose,0
Middlebury,Franciscan,11
Middlebury,Hamilton,12
Middlebury,Michigan Tech,14
Middlebury,Air Force,15
Middlebury,Richmond,12
Middlebury,Bryant,15
Middlebury,Williams,14
Middlebury,Bowdoin,12
Middlebury,Bryant University,15
Middlebury,Colby,12
Middlebury,Bates College,10
Middlebury,Dartmouth,10
Franciscan,Middlebury,10
Franciscan,Michigan Tech,8
Franciscan,Hamilton,12
Franciscan,Valparaiso,15
Franciscan,Colby,15
Franciscan,John Carroll,13
Franciscan,Kenyon,13
Franciscan,Ohio Wesleyan,13
Franciscan,Cedarville,15
Franciscan,Grove City,13
Franciscan,Swarthmore,13
Franciscan,Haverford,15
Franciscan,Oberlin,15
Michigan Tech,Hamilton,13
Michigan Tech,Franciscan,15
Michigan Tech,Middlebury,9
Michigan Tech,Bowdoin,10
Michigan Tech,Portland,4
Michigan Tech,Wisconsin,13
Michigan Tech,Carthage College,13
Michigan Tech,St John,13
Michigan Tech,Winona State,13
Michigan Tech,St,13
Michigan Tech,Carleton College,7
Michigan Tech,Luther,F
Hamilton,Michigan Tech,11
Hamilton,Middlebury,10
Hamilton,Franciscan,13
Hamilton,Luther,5
Hamilton,Berry,7
Hamilton,Stevens Tech,13
Hamilton,SUNY,10
Hamilton,Marist,15
Hamilton,Colgate,15
Hamilton,Rochester,10
Hamilton,St Lawrence,13
Hamilton,Ithaca,14
Air Force,Portland,12
Air Force,Claremont,7
Air Force,Bryant,11
Air Force,Middlebury,12
Air Force,Carleton Colleg,15
Air Force,Bowdoin,15
Air Force,Colorado College,12
Air Force,Colorado School,11
Air Force,Air Force,0
Air Force,Truman State,15
Air Force,Missouri S,15
Air Force,Rice,15
Air Force,Arizona,9
Air Force,Denver,4
Air Force,Arizona State,12
Air Force,Northern Arizona,4
Air Force,The University,11
Air Force,Nevada,13
Air Force,Sonoma State,13
Air Force,Occidental,13
Air Force,California,0
Portland,Air Force,5
Portland,Bryant,4
Portland,Claremont,11
Portland,Berry,15
Portland,Michigan Tech,15
Portland,Willamette University,13
Portland,Pacific Lutheran,13
Portland,Whitman,6
Portland,Whitworth,15
Portland,Puget Sound,15
Portland,Duke,9
Portland,Cal Poly,13
Portland,Seven Hills,9
Portland,California,10
Bryant,Claremont,15
Bryant,Portland,13
Bryant,Air Force,7
Bryant,Middlebury,9
Bryant,Colby,12
Bryant,Missouri ,8
Claremont,Bryant,2
Claremont,Air Force,1
Claremont,Portland,12
Claremont,Missouri ,6
Claremont,Colby,8
Claremont,Valparaiso,9
Claremont,Biola Univeristy,15
Claremont,Caltech,12
Claremont,Occidental,13
Claremont,Oregon,10
Claremont,Carleton College,6
Claremont,Control,11
Claremont,Sacramento State,13
Carleton Colleg,Missouri ,11
Carleton Colleg,Berry,15
Carleton Colleg,Colby,14
Carleton Colleg,Air Force,13
Carleton Colleg,Luther,15
Missouri ,Carleton Colleg,10
Missouri ,Colby,11
Missouri ,Berry,12
Missouri ,Richmond,11
Missouri ,Claremont,14
Missouri ,Bryant,15
Colby,Berry,11
Colby,Missouri ,8
Colby,Carleton Colleg,5
Colby,Bryant,5
Colby,Claremont,11
Colby,Franciscan,12
Colby,Brown,0
Colby,Massachusetts Amherst,1
Colby,Dartmouth,4
Colby,Amherst College,15
Colby,Massachusetts,2
Colby,Bates College,13
Colby,Brandeis,15
Colby,Bryant University,10
Colby,Bowdoin,13
Colby,Williams,15
Colby,Middlebury,10
Berry,Colby,9
Berry,Carleton Colleg,6
Berry,Missouri ,10
Berry,Portland,5
Berry,Hamilton,14
Berry,Embry,0
Berry,Ave Maria,W
Berry,Florida Tech,5
Berry,Georgia College,12
Berry,Belmont,15
Berry,Stetson,13
Berry,Samford,15
Berry,Union,15
Berry,Central Arkansas,15
Berry,Troy,10
Berry,Georgia Southern,14
Berry,Miami,W
Berry,Columbus State,13
Richmond,Luther,10
Richmond,Valparaiso,11
Richmond,Bowdoin,9
Richmond,Middlebury,11
Richmond,Missouri ,15
Richmond,Elon,15
Richmond,Christopher Newport,15
Richmond,North Carolina,4
Richmond,Davidson,15
Richmond,Navy,15
Richmond,Roanoke,13
Richmond,Catholic,13
Richmond,Mary Washington,7
Richmond,Carleton College,9
Richmond,Duke,12
Richmond,Temple,11
Richmond,South Carolina,4
Richmond,George Mason,12
Richmond,George Washington,13
Richmond,Lehigh,13
Richmond,SUNY,13
Richmond,Vermont,8
Richmond,Williams,15
Richmond,Tennessee,9
Luther,Richmond,8
Luther,Bowdoin,13
Luther,Valparaiso,14
Luther,Carleton Colleg,10
Luther,Hamilton,14
Luther,Carleton College,4
Luther,Carleton Hot,13
Luther,Wisconsin,0
Luther,Macalester,15
Luther,Michigan Tech,F
Luther,St Olaf,13
Luther,Marquette,6
Luther,Minnesota,0
Luther,Grinnell,13
Luther,Coe,13
Luther,Drake,13
Luther,Cornell College,13
Bowdoin,Valparaiso,10
Bowdoin,Luther,14
Bowdoin,Richmond,11
Bowdoin,Air Force,10
Bowdoin,Michigan Tech,13
Bowdoin,Williams,15
Bowdoin,Bentley,15
Bowdoin,Middlebury,7
Bowdoin,Bryant University,15
Bowdoin,Colby,10
Bowdoin,Dartmouth,7
Valparaiso,Bowdoin,6
Valparaiso,Richmond,6
Valparaiso,Luther,9
Valparaiso,Franciscan,11
Valparaiso,Claremont,15
Valparaiso,Butler,13
Valparaiso,Indiana Wesleyan,12
Valparaiso,Kettering,13
Valparaiso,Kalamazoo,13
Valparaiso,Rose,15
Valparaiso,Eastern Illinois,12
Valparaiso,North Park,15
Valparaiso,Knox,10
Valparaiso,Olivet Nazarene,13
Brigham Young,Whitman,13
Brigham Young,Stanford,13
Brigham Young,British Columbia,13
Brigham Young,Victoria,13
Brigham Young,Washington,13
Brigham Young,Cal Poly,13
Brigham Young,Oregon State,13
Brigham Young,Western Washington,13
Brigham Young,Montana State,13
Brigham Young,Idaho,13
Brigham Young,Montana,13
Brigham Young,Utah State,13
Brigham Young,Boise State,9
Brigham Young,Utah,6
Brigham Young,Washington State,13
Brigham Young,Gonzaga,13
Brigham Young,Texas,13
Brigham Young,South Florida,13
Brigham Young,Wisconsin,14
Brigham Young,LSU,13
Brigham Young,Northwestern,13
Brigham Young,Pittsburgh,12
Brigham Young,Cincinnati,13
Brigham Young,Carleton College,13
Brigham Young,Arizona State,11
Brigham Young,Grand Canyon,8
Brigham Young,University of,3
Brigham Young,The University,11
Brigham Young,Colorado State,13
Brigham Young,UCLA,13
Brigham Young,Santa Clara,13
Brigham Young,California,13
Whitman,Brigham Young,9
Whitman,Victoria,11
Whitman,Cal Poly,7
Whitman,Western Washington,6
Whitman,British Columbia,9
Whitman,Stanford,10
Whitman,Oregon State,13
Whitman,Washington,13
Whitman,Nevada,8
Whitman,Oregon,8
Whitman,Lewis,15
Whitman,Gonzaga,15
Whitman,Montana State,F
Whitman,Boise State,13
Whitman,Utah State,13
Whitman,Utah,11
Whitman,Willamette University,13
Whitman,Portland,15
Whitman,Seattle,15
Whitman,Texas,13
Whitman,San Jose,13
Whitman,Santa Clara,10
Whitman,California,5
Whitman,Las Positas,7
Whitman,Humboldt State,9
Western Washington,Victoria,3
Western Washington,British Columbia,5
Western Washington,Cal Poly,3
Western Washington,Whitman,13
Western Washington,Stanford,13
Western Washington,Oregon State,15
Western Washington,Washington,8
Western Washington,Brigham Young,6
Western Washington,Oregon,2
Western Washington,Portland State,6
Western Washington,Texas,10
Western Washington,Dartmouth,12
Western Washington,California,13
Western Washington,UCLA,5
Oregon State,Stanford,14
Oregon State,Washington,7
Oregon State,Victoria,10
Oregon State,British Columbia,13
Oregon State,Western Washington,9
Oregon State,Cal Poly,8
Oregon State,Whitman,1
Oregon State,Brigham Young,8
Oregon State,Oregon,8
Oregon State,Oregon State,6
Oregon State,Humboldt State,13
Oregon State,Lewis,13
Oregon State,Nevada,15
Oregon State,Gonzaga,14
Oregon State,Utah State,13
Oregon State,Montana State,9
Oregon State,Boise State,13
Oregon State,Utah,11
Oregon State,Montana,F
Stanford,Oregon State,12
Stanford,Brigham Young,8
Stanford,British Columbia,13
Stanford,Cal Poly,13
Stanford,Western Washington,12
Stanford,Whitman,13
Stanford,Sonoma State,13
Stanford,Chico State,2
Stanford,Santa Clara,13
Stanford,Nevada,5
Stanford,San Jose,13
Stanford,California,2
Stanford,Southern California,8
Stanford,Arizona,0
Stanford,Humboldt State,13
Stanford,Victoria,8
Stanford,Connecticut,12
Stanford,Texas,13
Stanford,Washington,11
Stanford,Washington University,10
Stanford,Colorado School,11
Stanford,North Texas,2
Stanford,Seven Hills,2
Stanford,Sacramento State,0
Stanford,Duke,8
Stanford,Las Positas,0
British Columbia,Western Washington,13
British Columbia,Brigham Young,10
British Columbia,Stanford,7
British Columbia,Washington,13
British Columbia,Oregon State,6
British Columbia,Whitman,13
British Columbia,Victoria,8
British Columbia,Montana,9
British Columbia,Utah,9
British Columbia,Idaho,13
British Columbia,Montana State,0
British Columbia,Utah State,15
British Columbia,Boise State,15
British Columbia,Santa Clara,13
British Columbia,Colorado State,13
British Columbia,UCLA,13
British Columbia,Cal Poly,9
British Columbia,Southern California,13
British Columbia,California,13
Johns Hopkins,East Carolina,13
Johns Hopkins,Duke,9
Johns Hopkins,North Carolina,5
Johns Hopkins,Maryland,7
Johns Hopkins,Virginia Tech,14
Johns Hopkins,William,12
Johns Hopkins,Virginia,9
Johns Hopkins,Salisbury,11
Johns Hopkins,American,11
Johns Hopkins,Towson,15
Johns Hopkins,Georgetown,12
Johns Hopkins,Tennessee,13
Johns Hopkins,Dayton,13
Johns Hopkins,Connecticut,11
Johns Hopkins,Purdue,15
Johns Hopkins,Georgia Tech,15
East Carolina,Johns Hopkins,8
East Carolina,North Carolina,5
East Carolina,Duke,6
East Carolina,Liberty,9
East Carolina,South Carolina,4
East Carolina,Appalachian State,11
East Carolina,Wake Forest,11
East Carolina,Charleston,11
East Carolina,Clemson,10
Duke,Johns Hopkins,11
Duke,East Carolina,11
Duke,Maryland,11
Duke,James Madison,11
Duke,Georgetown,0
Duke,North Carolina,11
Duke,Wake Forest,11
Duke,Clemson,15
Duke,Charleston,11
Duke,Appalachian State,13
Duke,Richmond,7
Duke,Carleton College,10
Duke,Portland,13
Duke,Seven Hills,10
Duke,California,6
Duke,Cal Poly,11
Duke,Stanford,6
Virginia,North Carolina,7
Virginia,Maryland,7
Virginia,Appalachian State,12
Virginia,Johns Hopkins,15
Virginia,James Madison,15
Virginia,Georgetown,14
Virginia,George Washington,15
Virginia,Delaware,13
Virginia,Virginia Tech,12
Virginia,William,6
Virginia,South Carolina,13
Virginia,George Mason,13
Virginia,Liberty,15
Virginia,Radford,15
Virginia,Tennessee,12
Virginia,Dayton,13
Virginia,Connecticut,13
Virginia,Vermont,15
Virginia,Indiana,14
Virginia,Ohio,10
Virginia,Auburn,9
Virginia,Chicago,12
Virginia,Dartmouth,15
Virginia,Tulane,15
Maryland,Appalachian State,12
Maryland,Virginia,10
Maryland,North Carolina,14
Maryland,Johns Hopkins,12
Maryland,South Carolina,10
Maryland,Duke,14
Maryland,George Washington,F
Maryland,James Madison,11
Maryland,American,7
Maryland,Salisbury,11
Maryland,Georgetown,11
Maryland,Towson,13
Maryland,Delaware,6
Maryland,Maryland,6
Maryland,Tulane,12
Maryland,Penn State,10
Maryland,Massachusetts,8
Maryland,Clemson,12
Maryland,Alabama,12
Maryland,Ohio,15
Appalachian State,Maryland,11
Appalachian State,North Carolina,2
Appalachian State,Virginia,6
Appalachian State,Liberty,13
Appalachian State,East Carolina,10
Appalachian State,South Carolina,11
Appalachian State,Clemson,10
Appalachian State,Charleston,11
Appalachian State,Wake Forest,11
Appalachian State,Duke,8
Appalachian State,Florida State,9
Appalachian State,Temple,8
Appalachian State,Tennessee,9
Appalachian State,Dartmouth,13
Appalachian State,Ohio State,6
Appalachian State,Auburn,5
Appalachian State,Notre Dame,15
Liberty,North Carolina,5
Liberty,William,7
Liberty,James Madison,5
Liberty,Appalachian State,11
Liberty,East Carolina,13
Liberty,George Mason,12
Liberty,Virginia,6
Liberty,Williams,12
Liberty,Davidson,13
Liberty,Mary Washington,9
Liberty,Lehigh,8
Liberty,George Washington,8
William,James Madison,12
William,Liberty,13
William,North Carolina,7
William,Johns Hopkins,11
William,Georgetown,12
William,South Carolina,0
William,Virginia,13
William,Virginia Tech,9
William,Radford,15
William,Drexel University,13
William,Tennessee,15
William,Vermont,14
William,SUNY,15
James Madison,William,10
James Madison,North Carolina,7
James Madison,Liberty,13
James Madison,South Carolina,6
James Madison,Virginia,14
James Madison,Duke,13
James Madison,Maryland,7
James Madison,George Washington,15
James Madison,Delaware,9
James Madison,Virginia Tech,6
James Madison,George Mason,15
James Madison,Virginia Commonwealth,15
James Madison,Pennsylvania,10
James Madison,Purdue,7
James Madison,Georgia Southern,13
James Madison,Vermont,9
James Madison,New Hampshire,11
James Madison,Tennessee,9
James Madison,Connecticut,14
James Madison,Davidson,10
James Madison,Williams,10
James Madison,Case Western,7
James Madison,Mary Washington,15
James Madison,Drexel University,15
James Madison,Lehigh,13
South Carolina,Georgetown,14
South Carolina,North Carolina,11
South Carolina,Virginia Tech,10
South Carolina,Maryland,13
South Carolina,James Madison,11
South Carolina,William,12
South Carolina,American,15
South Carolina,East Carolina,11
South Carolina,Appalachian State,8
South Carolina,Virginia,6
South Carolina,Notre Dame,10
South Carolina,Clemson,12
South Carolina,Emory,8
South Carolina,Richmond,15
South Carolina,Texas A,12
South Carolina,Illinois State,12
South Carolina,Alabama,13
South Carolina,Rutgers,10
South Carolina,Northeastern,6
South Carolina,Florida State,13
South Carolina,LSU,10
South Carolina,Kennesaw State,12
Georgetown,South Carolina,13
Georgetown,Virginia Tech,7
Georgetown,North Carolina,5
Georgetown,William,10
Georgetown,Virginia,12
Georgetown,Duke,1
Georgetown,American,15
Georgetown,Salisbury,11
Georgetown,Maryland,6
Georgetown,Johns Hopkins,11
Georgetown,Towson,11
Georgetown,Delaware,5
Georgetown,George Washington,7
Georgetown,Tennessee,15
Georgetown,Georgia Tech,10
Georgetown,Temple,14
Georgetown,New Hampshire,15
Georgetown,Elon,13
Georgetown,Case Western,8
Georgetown,Vermont,7
Georgetown,Indiana,15
Virginia Tech,North Carolina,8
Virginia Tech,Georgetown,13
Virginia Tech,South Carolina,11
Virginia Tech,Johns Hopkins,12
Virginia Tech,American,15
Virginia Tech,Delaware,10
Virginia Tech,George Washington,15
Virginia Tech,Virginia,15
Virginia Tech,William,13
Virginia Tech,James Madison,15
Virginia Tech,Radford,13
Virginia Tech,Virginia Commonwealth,13
Virginia Tech,George Mason,15
Virginia Tech,Florida State,9
Virginia Tech,Wisconsin,13
Virginia Tech,Central Florida,6
Virginia Tech,Texas A,5
Virginia Tech,Boston College,13
Virginia Tech,Alabama,8
Virginia Tech,Temple,12
Virginia Tech,Kansas,12
Virginia Tech,South Florida,11
Davidson,High Point,12
Davidson,Navy,15
Davidson,Mary Washington,7
Davidson,Richmond,5
Davidson,Elon,12
Davidson,North Carolina,13
Davidson,Anderson,13
Davidson,Campbell,10
Davidson,James Madison,12
Davidson,Williams,15
Davidson,Liberty,9
Davidson,Tennessee,9
Davidson,Case Western,10
High Point,Davidson,6
High Point,Mary Washington,6
High Point,Navy,F
High Point,North Carolina,4
High Point,Christopher Newport,12
High Point,Campbell,10
High Point,Elon,7
High Point,Anderson,13
High Point,Boston College,10
High Point,Central Florida,14
High Point,Northwestern,9
High Point,Embry,10
High Point,Florida State,6
High Point,Florida Tech,13
Mary Washington,High Point,12
Mary Washington,Davidson,5
Mary Washington,North Carolina,15
Mary Washington,Christopher Newport,13
Mary Washington,Shenandoah,13
Mary Washington,St Mary,13
Mary Washington,Richmond,15
Mary Washington,Virginia Commonwealth,13
Mary Washington,Vermont,5
Mary Washington,Tennessee,10
Mary Washington,James Madison,12
Mary Washington,Liberty,15
Navy,Davidson,6
Navy,High Point,F
Navy,Richmond,7
Navy,Elon,15
Navy,Catholic,13
Navy,Roanoke,13
Navy,Christopher Newport,15
Christopher Newport,North Carolina,11
Christopher Newport,Richmond,6
Christopher Newport,Elon,F
Christopher Newport,Mary Washington,1
Christopher Newport,High Point,10
Christopher Newport,St Mary,13
Christopher Newport,Shenandoah,13
Christopher Newport,Navy,3
Christopher Newport,Catholic,13
Elon,Richmond,8
Elon,North Carolina,9
Elon,Christopher Newport,F
Elon,Davidson,10
Elon,Navy,13
Elon,Anderson,10
Elon,High Point,11
Elon,Campbell,12
Elon,Tennessee,9
Elon,Case Western,5
Elon,New Hampshire,8
Elon,Georgetown,8
Elon,George Mason,13
Elon,Dayton,15
Elon,Georgia Southern,15
American,Virginia Tech,2
American,Delaware,1
American,South Carolina,1
American,Maryland,8
American,George Washington,5
American,Georgetown,0
American,Salisbury,8
American,Johns Hopkins,3
American,Towson,11
Delaware,American,13
Delaware,Virginia Tech,8
Delaware,Virginia,11
Delaware,James Madison,13
Delaware,Towson,13
Delaware,George Washington,10
Delaware,Maryland,9
Delaware,Georgetown,13
Delaware,Salisbury,15
George Washington,Maryland,F
George Washington,Virginia,9
George Washington,James Madison,5
George Washington,Virginia Tech,3
George Washington,American,13
George Washington,Delaware,5
George Washington,Towson,13
George Washington,Salisbury,15
George Washington,Georgetown,9
George Washington,Richmond,6
George Washington,George Mason,12
George Washington,Lehigh,15
George Washington,SUNY,4
George Washington,Drexel University,12
George Washington,Liberty,13
Utah State,Montana State,6
Utah State,Montana,12
Utah State,Idaho,0
Utah State,Brigham Young,9
Utah State,Utah,12
Utah State,Boise State,13
Utah State,Oregon State,11
Utah State,Oregon,9
Utah State,Whitman,9
Utah State,British Columbia,8
Utah State,Humboldt State,5
Utah State,Coup Red,10
Utah State,Whitworth,9
Utah State,UCLA,8
Montana State,Utah State,13
Montana State,Brigham Young,5
Montana State,Montana,10
Montana State,Idaho,13
Montana State,Utah,6
Montana State,Boise State,13
Montana State,Washington State,11
Montana State,Whitman,F
Montana State,Oregon State,10
Montana State,Oregon,9
Montana State,British Columbia,0
Montana,Utah State,10
Montana,Montana State,12
Montana,Brigham Young,6
Montana,Boise State,13
Montana,Idaho,13
Montana,British Columbia,11
Montana,Washington,2
Montana,Utah,5
Montana,Victoria,8
Montana,Oregon State,F
Idaho,Brigham Young,6
Idaho,Utah State,15
Idaho,Montana State,10
Idaho,Utah,2
Idaho,Gonzaga,10
Idaho,Boise State,15
Idaho,Montana,4
Idaho,Victoria,5
Idaho,Washington,6
Idaho,British Columbia,4
Boise State,Brigham Young,13
Boise State,Washington State,8
Boise State,Gonzaga,12
Boise State,Utah,8
Boise State,Montana,2
Boise State,Montana State,3
Boise State,Idaho,14
Boise State,Utah State,6
Boise State,Whitman,3
Boise State,Oregon,1
Boise State,Oregon State,4
Boise State,British Columbia,0
Washington State,Gonzaga,11
Washington State,Boise State,11
Washington State,Brigham Young,9
Washington State,Utah,4
Washington State,Montana State,3
Washington State,Oregon,4
Washington State,Nevada,11
Washington State,Puget Sound,5
Gonzaga,Washington State,13
Gonzaga,Utah,6
Gonzaga,Boise State,8
Gonzaga,Brigham Young,12
Gonzaga,Idaho,9
Gonzaga,Portland State,13
Gonzaga,Lewis,13
Gonzaga,Puget Sound,13
Gonzaga,Oregon State,9
Gonzaga,Whitman,7
Utah,Gonzaga,13
Utah,Brigham Young,13
Utah,Boise State,13
Utah,Washington State,13
Utah,Utah State,9
Utah,Montana State,11
Utah,Idaho,13
Utah,Victoria,7
Utah,British Columbia,10
Utah,Montana,13
Utah,Washington,9
Utah,Oregon State,14
Utah,Whitman,12
Charleston,North Carolina,8
Charleston,Wake Forest,11
Charleston,Duke,4
Charleston,Clemson,10
Charleston,Appalachian State,4
Charleston,East Carolina,3
Clemson,Wake Forest,11
Clemson,North Carolina,11
Clemson,Duke,8
Clemson,Charleston,11
Clemson,Appalachian State,6
Clemson,East Carolina,6
Clemson,Emory,6
Clemson,South Carolina,6
Clemson,Notre Dame,8
Clemson,Tennessee,13
Clemson,George Mason,12
Clemson,Georgia Tech,9
Clemson,Ohio,7
Clemson,Indiana,5
Clemson,New Hampshire,12
Clemson,Pennsylvania,15
Clemson,Connecticut,13
Clemson,Penn State,9
Clemson,Tulane,6
Clemson,Maryland,10
Clemson,Massachusetts,3
Clemson,Auburn,6
Wake Forest,Clemson,5
Wake Forest,Duke,1
Wake Forest,Charleston,2
Wake Forest,North Carolina,3
Wake Forest,East Carolina,3
Wake Forest,Appalachian State,4
Anderson,Campbell,6
Anderson,Elon,7
Anderson,Davidson,3
Anderson,High Point,5
Anderson,North Carolina,4
Campbell,Anderson,10
Campbell,High Point,7
Campbell,North Carolina,8
Campbell,Davidson,5
Campbell,Elon,6
Salisbury,Maryland,5
Salisbury,Johns Hopkins,2
Salisbury,American,11
Salisbury,Georgetown,1
Salisbury,Delaware,5
Salisbury,George Washington,10
Towson,Delaware,1
Towson,Maryland,3
Towson,George Washington,4
Towson,Johns Hopkins,6
Towson,Georgetown,2
Towson,American,5
New Mexico,Northern Arizona,0
New Mexico,Arizona State,13
New Mexico,Grand Canyon,13
New Mexico,Arizona,10
New Mexico,California,7
New Mexico,Chico State,11
New Mexico,Humboldt State,15
Northern Arizona,New Mexico,0
Northern Arizona,Arizona,13
Northern Arizona,Arizona State,6
Northern Arizona,Grand Canyon,13
Northern Arizona,California,12
Northern Arizona,UCLA,10
Northern Arizona,Santa Clara,7
Northern Arizona,Air Force,13
Northern Arizona,Denver,12
Northern Arizona,University of,4
Arizona,Northern Arizona,2
Arizona,Grand Canyon,13
Arizona,Arizona State,12
Arizona,New Mexico,13
Arizona,Humboldt State,13
Arizona,Stanford,0
Arizona,Southern California,11
Arizona,California,10
Arizona,Cal Poly,2
Arizona,UCLA,7
Arizona,Air Force,11
Arizona,Denver,7
Arizona,The University,8
Arizona,Michigan State,13
Arizona,Dartmouth,7
Arizona,Santa Clara,13
Arizona,Lewis,7
Arizona,Las Positas,5
Arizona,Washington,8
Arizona,Sacramento State,0
Arizona State,New Mexico,6
Arizona State,Northern Arizona,11
Arizona State,Arizona,11
Arizona State,Cal Poly,12
Arizona State,California,9
Arizona State,UCLA,9
Arizona State,Brigham Young,4
Arizona State,Colorado State,13
Arizona State,Grand Canyon,10
Arizona State,University of,2
Arizona State,The University,5
Arizona State,Denver,8
Arizona State,Air Force,11
Grand Canyon,Arizona,10
Grand Canyon,New Mexico,7
Grand Canyon,Northern Arizona,10
Grand Canyon,The University,12
Grand Canyon,Brigham Young,11
Grand Canyon,Arizona State,13
Grand Canyon,Colorado State,7
Grand Canyon,University of,2
Grand Canyon,Denver,12
Drexel,Millersville,13
Drexel,West Chester,11
Drexel,Temple,4
Drexel,Lehigh,8
Drexel,Saint Joseph,15
Drexel,Carnegie Mellon,5
Drexel,Penn State,15
Millersville,Drexel,5
Millersville,Temple,7
Millersville,West Chester,0
Millersville,Saint Joseph,15
Temple,Millersville,12
Temple,Drexel,10
Temple,Villanova,13
Temple,Lehigh,15
Temple,Ohio,13
Temple,Pittsburgh,0
Temple,Penn State,10
Temple,Cincinnati,5
Temple,Ohio State,10
Temple,Pennsylvania,11
Temple,Oberlin,15
Temple,North Carolina,3
Temple,Florida State,9
Temple,Appalachian State,9
Temple,Richmond,10
Temple,Georgetown,11
Temple,Kansas,13
Temple,Tufts,6
Temple,Boston College,12
Temple,Kennesaw State,6
Temple,Harvard,3
Temple,South Florida,10
Temple,Virginia Tech,10
Temple,Cornell,14
Temple,Florida,15
West Chester,Drexel,6
West Chester,Millersville,15
West Chester,Pennsylvania,12
West Chester,Ohio State,5
West Chester,Villanova,0
Villanova,Lehigh,15
Villanova,Saint Joseph,13
Villanova,Pennsylvania,15
Villanova,Temple,11
Villanova,Pittsburgh,3
Villanova,Case Western,14
Villanova,Ohio,F
Villanova,West Chester,15
Lehigh,Villanova,11
Lehigh,Pennsylvania,10
Lehigh,Saint Joseph,13
Lehigh,Temple,5
Lehigh,Drexel,15
Lehigh,Jefferson,8
Lehigh,Swarthmore,4
Lehigh,Ursinus,13
Lehigh,Haverford,3
Lehigh,Scranton,5
Lehigh,Lancaster Bible,15
Lehigh,Ohio,10
Lehigh,Pittsburgh,15
Lehigh,Messiah,2
Lehigh,SUNY,9
Lehigh,Richmond,7
Lehigh,George Washington,14
Lehigh,George Mason,12
Lehigh,James Madison,12
Lehigh,Virginia Commonwealth,10
Lehigh,Liberty,15
Pennsylvania,Saint Joseph,13
Pennsylvania,Lehigh,13
Pennsylvania,Villanova,0
Pennsylvania,West Chester,6
Pennsylvania,Cincinnati,11
Pennsylvania,Dayton,W
Pennsylvania,Pittsburgh,4
Pennsylvania,Ohio State,4
Pennsylvania,Temple,10
Pennsylvania,Case Western,11
Pennsylvania,Oberlin,15
Pennsylvania,Penn State,W
Pennsylvania,Purdue,11
Pennsylvania,James Madison,8
Pennsylvania,Georgia Southern,12
Pennsylvania,Vermont,12
Pennsylvania,Clemson,12
Pennsylvania,Ohio,10
Saint Joseph,Pennsylvania,1
Saint Joseph,Villanova,2
Saint Joseph,Lehigh,5
Saint Joseph,Drexel,4
Saint Joseph,Millersville,0
Jefferson,Lehigh,15
Jefferson,Ursinus,15
Jefferson,Swarthmore,6
Jefferson,Scranton,10
Jefferson,Haverford,9
Swarthmore,Lehigh,13
Swarthmore,Jefferson,13
Swarthmore,Muhlenberg,15
Swarthmore,Haverford,15
Swarthmore,Grove City,9
Swarthmore,Franciscan,1
Swarthmore,Wooster,15
Swarthmore,Cedarville,6
Swarthmore,Messiah,0
Ursinus,Jefferson,6
Ursinus,Lehigh,1
Ursinus,Lancaster Bible,0
Haverford,Lancaster Bible,13
Haverford,Scranton,15
Haverford,Muhlenberg,10
Haverford,Swarthmore,6
Haverford,Lehigh,15
Haverford,Jefferson,13
Haverford,Shippensburg,10
Haverford,Cedarville,5
Haverford,Franciscan,8
Lancaster Bible,Haverford,3
Lancaster Bible,Muhlenberg,4
Lancaster Bible,Scranton,5
Lancaster Bible,Lehigh,5
Lancaster Bible,Ursinus,0
Muhlenberg,Scranton,15
Muhlenberg,Lancaster Bible,13
Muhlenberg,Haverford,11
Muhlenberg,Swarthmore,9
Muhlenberg,Messiah,8
Muhlenberg,Shippensburg,13
Scranton,Muhlenberg,7
Scranton,Haverford,7
Scranton,Lancaster Bible,12
Scranton,Jefferson,12
Scranton,Lehigh,15
Indiana,Ball State,13
Indiana,Purdue,9
Indiana,Southern Indiana,13
Indiana,Kentucky,7
Indiana,Notre Dame,15
Indiana,Loyola,15
Indiana,Illinois,6
Indiana,Michigan,4
Indiana,Chicago,11
Indiana,Northwestern,10
Indiana,Illinois State,13
Indiana,Michigan State,11
Indiana,Carnegie Mellon,3
Indiana,Penn State,3
Indiana,Edinboro,4
Indiana,Pittsburgh,2
Indiana,Slippery Rock,6
Indiana,West Virginia,7
Indiana,Georgia Tech,11
Indiana,George Mason,13
Indiana,Ohio,13
Indiana,Clemson,9
Indiana,Virginia,13
Indiana,Georgetown,11
Ball State,Indiana,6
Ball State,Southern Indiana,10
Ball State,Kentucky,8
Ball State,Notre Dame,7
Ball State,Purdue,1
Notre Dame,Southern Indiana,13
Notre Dame,Kentucky,15
Notre Dame,Purdue,11
Notre Dame,Ball State,13
Notre Dame,Indiana,6
Notre Dame,Grand Valley,5
Notre Dame,Michigan,13
Notre Dame,Illinois,7
Notre Dame,Northwestern,2
Notre Dame,South Carolina,11
Notre Dame,Emory,13
Notre Dame,Clemson,14
Notre Dame,North Carolina,13
Notre Dame,Florida State,11
Notre Dame,Georgia Tech,15
Notre Dame,Alabama,7
Notre Dame,Carnegie Mellon,14
Notre Dame,Appalachian State,14
Southern Indiana,Notre Dame,3
Southern Indiana,Ball State,5
Southern Indiana,Indiana,7
Southern Indiana,Purdue,6
Southern Indiana,Kentucky,2
Purdue,Indiana,6
Purdue,Notre Dame,12
Purdue,Southern Indiana,13
Purdue,Ball State,11
Purdue,Michigan,10
Purdue,Northwestern,9
Purdue,Illinois,6
Purdue,Kentucky,11
Purdue,Pennsylvania,13
Purdue,Vermont,14
Purdue,James Madison,13
Purdue,Georgia Southern,13
Purdue,Johns Hopkins,13
Purdue,Tennessee,13
Kentucky,Notre Dame,0
Kentucky,Ball State,9
Kentucky,Indiana,10
Kentucky,Southern Indiana,13
Kentucky,Grand Valley,10
Kentucky,Purdue,7
Kentucky,Michigan,3
Kentucky,Loyola,11
Kentucky,Chicago,11
Kentucky,Michigan State,5
Kentucky,LSU,4
Kentucky,Illinois,5
Kentucky,Alabama,15
Kentucky,Illinois State,5
Kentucky,Georgia State,15
Kentucky,Mississippi State,14
Butler,Kalamazoo,13
Butler,Valparaiso,10
Butler,Kettering,13
Butler,Rose,15
Butler,Indiana Wesleyan,13
Butler,Wheaton,15
Butler,Olivet Nazarene,7
Butler,North Park,12
Butler,Knox,5
Kalamazoo,Butler,2
Kalamazoo,Kettering,3
Kalamazoo,Rose,5
Kalamazoo,Indiana Wesleyan,9
Kalamazoo,Valparaiso,1
Indiana Wesleyan,Kettering,12
Indiana Wesleyan,Rose,9
Indiana Wesleyan,Valparaiso,7
Indiana Wesleyan,Kalamazoo,11
Indiana Wesleyan,Butler,0
Kettering,Indiana Wesleyan,4
Kettering,Kalamazoo,7
Kettering,Butler,6
Kettering,Valparaiso,1
Kettering,Rose,4
Rose,Indiana Wesleyan,11
Rose,Kalamazoo,8
Rose,Butler,5
Rose,Kettering,13
Rose,Valparaiso,1
Rose,Olivet Nazarene,7
Rose,Wheaton,4
Rose,North Park,10
North Georgia,Dalton State,13
North Georgia,Stetson,13
North Georgia,Georgia College,7
North Georgia,Embry,15
North Georgia,Florida Tech,11
North Georgia,Ave Maria,15
North Georgia,Belmont,13
North Georgia,Samford,11
Dalton State,North Georgia,2
Dalton State,Georgia College,0
Dalton State,Stetson,4
Dalton State,Florida Tech,1
Dalton State,Ave Maria,3
Georgia College,Dalton State,15
Georgia College,North Georgia,13
Georgia College,Berry,11
Georgia College,Stetson,4
Stetson,North Georgia,5
Stetson,Dalton State,13
Stetson,Embry,1
Stetson,Florida Tech,14
Stetson,Georgia College,15
Stetson,Ave Maria,15
Stetson,Belmont,11
Stetson,Berry,4
Stetson,Boston College,6
Stetson,Florida State,7
Stetson,Central Florida,11
Stetson,Northwestern,4
Stetson,South Florida,12
Embry,Berry,0
Embry,Florida Tech,9
Embry,Ave Maria,13
Embry,North Georgia,5
Embry,Stetson,13
Embry,Samford,11
Embry,Union,14
Embry,Florida Gulf,9
Embry,South Florida,13
Embry,Florida,5
Embry,High Point,12
Embry,North Florida,6
Embry,Boston College,15
Florida Tech,Ave Maria,13
Florida Tech,Embry,15
Florida Tech,Berry,11
Florida Tech,North Georgia,12
Florida Tech,Dalton State,15
Florida Tech,Stetson,13
Florida Tech,Union,13
Florida Tech,Samford,15
Florida Tech,Alabama,3
Florida Tech,Florida,5
Florida Tech,LSU,2
Florida Tech,Georgia Tech,8
Florida Tech,Central Florida,7
Florida Tech,South Florida,10
Florida Tech,North Florida,5
Florida Tech,Florida Gulf,4
Florida Tech,High Point,7
Florida Tech,Northwestern,6
Florida Tech,Troy,15
Florida Tech,Central Arkansas,15
Florida Tech,Georgia Southern,11
Florida Tech,Columbus State,14
Ave Maria,Florida Tech,7
Ave Maria,Berry,F
Ave Maria,Embry,11
Ave Maria,North Georgia,14
Ave Maria,Dalton State,15
Ave Maria,Stetson,0
Humboldt State,Oregon State,8
Humboldt State,Lewis,15
Humboldt State,Washington,13
Humboldt State,Portland State,13
Humboldt State,Las Positas,11
Humboldt State,California,6
Humboldt State,Sacramento State,11
Humboldt State,Fresno State,11
Humboldt State,Nevada,15
Humboldt State,Sonoma State,15
Humboldt State,Arizona,9
Humboldt State,Southern California,9
Humboldt State,Stanford,6
Humboldt State,New Mexico,9
Humboldt State,Utah State,13
Humboldt State,Coup Red,12
Humboldt State,Whitworth,8
Humboldt State,UCLA,4
Humboldt State,Whitman,5
Humboldt State,Carleton College,3
Lewis,Washington,11
Lewis,Humboldt State,2
Lewis,Oregon State,4
Lewis,Puget Sound,15
Lewis,Gonzaga,0
Lewis,Portland State,1
Lewis,Whitman,5
Lewis,Nevada,11
Lewis,Whitworth,15
Lewis,Seattle,13
Lewis,Pacific Lutheran,15
Lewis,Arizona,9
Lewis,Las Positas,8
Lewis,California,9
Nevada,Oregon State,8
Nevada,Washington,13
Nevada,Whitman,3
Nevada,Lewis,15
Nevada,Washington State,15
Nevada,Santa Clara,8
Nevada,San Jose,13
Nevada,Chico State,13
Nevada,Stanford,6
Nevada,Sonoma State,13
Nevada,Las Positas,12
Nevada,Humboldt State,14
Nevada,Air Force,6
Nevada,Occidental,11
Nevada,Carleton College,8
Portland State,Gonzaga,4
Portland State,Puget Sound,6
Portland State,Lewis,13
Portland State,Humboldt State,9
Portland State,Washington,15
Portland State,Western Washington,15
Puget Sound,Lewis,11
Puget Sound,Portland State,13
Puget Sound,Gonzaga,7
Puget Sound,Oregon,3
Puget Sound,Washington State,15
Puget Sound,Seattle,13
Puget Sound,Whitworth,11
Puget Sound,Portland,6
Puget Sound,Pacific Lutheran,15
Puget Sound,Willamette University,15
South Florida,Miami,13
South Florida,Florida Atlantic,11
South Florida,Central Florida,8
South Florida,Florida State,4
South Florida,Auburn,8
South Florida,Alabama,2
South Florida,Georgia,2
South Florida,Georgia Tech,4
South Florida,LSU,6
South Florida,Florida Tech,8
South Florida,Brigham Young,7
South Florida,Pittsburgh,3
South Florida,Cincinnati,10
South Florida,Oklahoma,5
South Florida,Texas,3
South Florida,Temple,5
South Florida,Embry,6
South Florida,Northwestern,7
South Florida,Boston College,6
South Florida,Florida,7
South Florida,Virginia Tech,8
South Florida,Stetson,10
Miami,South Florida,7
Miami,Central Florida,5
Miami,Florida Atlantic,11
Miami,North Florida,15
Miami,Kent State,13
Miami,Toledo,13
Miami,Ohio State,3
Miami,Cincinnati,5
Miami,Dayton,F
Miami,Pittsburgh,0
Miami,Case Western,F
Miami,Georgia Southern,4
Miami,Columbus State,11
Miami,Troy,6
Miami,Berry,F
Miami,Central Arkansas,W
Central Florida,Miami,13
Central Florida,South Florida,13
Central Florida,Florida,7
Central Florida,Emory,11
Central Florida,Kennesaw State,11
Central Florida,Georgia,6
Central Florida,Alabama,6
Central Florida,Florida Tech,10
Central Florida,Tufts,13
Central Florida,Texas,12
Central Florida,Virginia Tech,13
Central Florida,Illinois State,11
Central Florida,Carleton College,13
Central Florida,Pittsburgh,7
Central Florida,High Point,8
Central Florida,Florida Gulf,9
Central Florida,Stetson,12
Central Florida,North Florida,3
Central Florida,Brown,9
Central Florida,Boston College,4
Florida Atlantic,South Florida,8
Florida Atlantic,Miami,14
Florida Atlantic,Florida Gulf,15
Florida State,North Florida,10
Florida State,Florida Gulf,8
Florida State,Florida,7
Florida State,South Florida,13
Florida State,Alabama,12
Florida State,Auburn,7
Florida State,Tulane,13
Florida State,Appalachian State,13
Florida State,Temple,11
Florida State,North Carolina,9
Florida State,Notre Dame,15
Florida State,Carleton College,15
Florida State,Virginia Tech,13
Florida State,Minnesota,10
Florida State,Cincinnati,13
Florida State,Boston College,13
Florida State,Texas A,7
Florida State,South Carolina,4
Florida State,Stetson,13
Florida State,High Point,12
Florida State,Emory,8
Florida State,Northwestern,6
Florida State,Illinois State,11
North Florida,Florida State,13
North Florida,Florida,11
North Florida,Florida Gulf,15
North Florida,Miami,0
North Florida,Northwestern,13
North Florida,Florida Tech,13
North Florida,Boston College,12
North Florida,Central Florida,13
North Florida,Embry,13
Florida,Florida Gulf,13
Florida,North Florida,8
Florida,Florida State,15
Florida,Central Florida,13
Florida,Alabama,10
Florida,LSU,13
Florida,Georgia,14
Florida,Kennesaw State,15
Florida,Florida Tech,13
Florida,Georgia Tech,10
Florida,Rutgers,9
Florida,Michigan,6
Florida,Wisconsin,11
Florida,Northwestern,11
Florida,Kansas,13
Florida,Cornell,12
Florida,Boston College,13
Florida,Embry,13
Florida,Cincinnati,13
Florida,South Florida,10
Florida,Temple,9
Florida Gulf,Florida,3
Florida Gulf,Florida State,3
Florida Gulf,North Florida,9
Florida Gulf,Florida Atlantic,5
Florida Gulf,Embry,13
Florida Gulf,Central Florida,11
Florida Gulf,Florida Tech,13
Florida Gulf,Northwestern,10
Florida Gulf,Boston College,4
Chicago,Michigan,0
Chicago,Indiana,2
Chicago,Grand Valley,11
Chicago,Loyola,14
Chicago,Illinois,0
Chicago,Michigan State,7
Chicago,Kentucky,3
Chicago,Northern Illinois,11
Chicago,DePaul,13
Chicago,Northwestern,10
Chicago,Illinois State,4
Chicago,Auburn,4
Chicago,North Carolina,13
Chicago,Ohio,10
Chicago,Virginia,8
Chicago,Penn State,13
Illinois State,Michigan,10
Illinois State,Indiana,7
Illinois State,Loyola,11
Illinois State,Illinois,12
Illinois State,Northwestern,0
Illinois State,Chicago,7
Illinois State,DePaul,14
Illinois State,South Carolina,10
Illinois State,Boston College,13
Illinois State,Oklahoma,9
Illinois State,Central Florida,7
Illinois State,Texas,8
Illinois State,Kansas,10
Illinois State,Wisconsin,7
Illinois State,Rutgers,9
Illinois State,Florida State,12
Illinois State,Kennesaw State,11
Illinois State,Auburn,5
Illinois State,Alabama,12
Illinois State,Kentucky,9
Illinois State,Mississippi,12
Illinois State,Southern Mississippi,10
Illinois State,Vanderbilt,15
Illinois State,Georgia State,3
Grand Valley,Kentucky,12
Grand Valley,Notre Dame,11
Grand Valley,Chicago,7
Grand Valley,Northwestern,12
Grand Valley,Michigan State,15
Northwestern,Michigan,2
Northwestern,Purdue,10
Northwestern,Indiana,7
Northwestern,Grand Valley,13
Northwestern,Notre Dame,15
Northwestern,Illinois,11
Northwestern,Michigan State,11
Northwestern,DePaul,13
Northwestern,Northern Illinois,13
Northwestern,Chicago,8
Northwestern,Illinois State,0
Northwestern,Loyola,15
Northwestern,Northeastern,12
Northwestern,Pittsburgh,7
Northwestern,Kennesaw State,8
Northwestern,Brigham Young,9
Northwestern,Florida,5
Northwestern,Brown,10
Northwestern,North Florida,0
Northwestern,South Florida,10
Northwestern,High Point,7
Northwestern,Florida Gulf,7
Northwestern,Stetson,15
Northwestern,Oklahoma,13
Northwestern,Rutgers,14
Northwestern,Florida State,13
Northwestern,Florida Tech,15
Loyola,Indiana,4
Loyola,Illinois,12
Loyola,Chicago,10
Loyola,Illinois State,6
Loyola,Kentucky,7
Loyola,Northwestern,5
Loyola,Northern Illinois,8
Loyola,DePaul,13
Illinois,Loyola,4
Illinois,Indiana,9
Illinois,Michigan,3
Illinois,Purdue,10
Illinois,Chicago,0
Illinois,Notre Dame,13
Illinois,Northwestern,8
Illinois,Michigan State,15
Illinois,Illinois State,15
Illinois,Illinois,1
Illinois,Northern Illinois,0
Illinois,DePaul,6
Illinois,Alabama,13
Illinois,Kentucky,11
Illinois,LSU,9
Illinois,Auburn,9
Illinois,Kennesaw State,9
Eastern Illinois,Valparaiso,0
Eastern Illinois,Knox,7
Eastern Illinois,North Park,0
Eastern Illinois,Olivet Nazarene,5
Eastern Illinois,Wheaton,7
Knox,Eastern Illinois,12
Knox,Valparaiso,8
Knox,Olivet Nazarene,14
Knox,Wheaton,10
Knox,Butler,7
Knox,North Park,5
North Park,Valparaiso,4
North Park,Eastern Illinois,0
North Park,Butler,11
North Park,Rose,8
North Park,Knox,12
North Park,Olivet Nazarene,13
North Park,Wheaton,7
Wheaton,Butler,5
Wheaton,Olivet Nazarene,5
Wheaton,Rose,9
Wheaton,Knox,5
Wheaton,Eastern Illinois,10
Wheaton,North Park,13
Wheaton,Wentworth,4
Wheaton,Brandeis,4
Wheaton,Stonehill,9
Wheaton,Bentley,4
Olivet Nazarene,Rose,14
Olivet Nazarene,Wheaton,13
Olivet Nazarene,Butler,14
Olivet Nazarene,Valparaiso,4
Olivet Nazarene,Knox,10
Olivet Nazarene,Eastern Illinois,13
Olivet Nazarene,North Park,14
Michigan State,Michigan,3
Michigan State,Chicago,8
Michigan State,Indiana,7
Michigan State,Illinois,0
Michigan State,Northwestern,2
Michigan State,Kentucky,6
Michigan State,Grand Valley,12
Michigan State,Western Michigan,15
Michigan State,California,11
Michigan State,Southern California,8
Michigan State,Arizona,5
Michigan State,Washington,5
Michigan State,Connecticut,11
Massachusetts,Rhode Island,13
Massachusetts,New Hampshire,15
Massachusetts,Brown,4
Massachusetts,Maine,13
Massachusetts,Vermont,5
Massachusetts,Amherst College,13
Massachusetts,Dartmouth,15
Massachusetts,Massachusetts Amherst,13
Massachusetts,Colby,13
Massachusetts,Harvard,13
Massachusetts,Tufts,10
Massachusetts,Massachusetts,15
Massachusetts,Boston College,W
Massachusetts,Northeastern,13
Massachusetts,Boston University,4
Massachusetts,MIT,W
Massachusetts,Tulane,13
Massachusetts,Maryland,13
Massachusetts,Penn State,13
Massachusetts,Clemson,13
Massachusetts,North Carolina,17
Massachusetts,Ohio,15
Rhode Island,Massachusetts,1
Rhode Island,Maine,11
Rhode Island,Vermont,3
Rhode Island,New Hampshire,0
Vermont,Maine,13
Vermont,New Hampshire,8
Vermont,Brown,8
Vermont,Rhode Island,13
Vermont,Massachusetts,13
Vermont,Amherst College,12
Vermont,Dartmouth,0
Vermont,Massachusetts Amherst,13
Vermont,Boston College,12
Vermont,MIT,11
Vermont,Northeastern,10
Vermont,Tufts,6
Vermont,Harvard,15
Vermont,Georgia Southern,13
Vermont,Purdue,15
Vermont,Pennsylvania,13
Vermont,James Madison,11
Vermont,Virginia,10
Vermont,Georgetown,15
Vermont,North Carolina,13
Vermont,Virginia Commonwealth,13
Vermont,Mary Washington,13
Vermont,Drexel University,13
Vermont,William,15
Vermont,Richmond,15
Vermont,Case Western,14
Maine,Vermont,1
Maine,Rhode Island,10
Maine,New Hampshire,10
Maine,Massachusetts,4
Maine,Brown,1
New Hampshire,Massachusetts,11
New Hampshire,Vermont,4
New Hampshire,Maine,11
New Hampshire,Brown,9
New Hampshire,Rhode Island,13
New Hampshire,Harvard,11
New Hampshire,Tufts,0
New Hampshire,Dartmouth,1
New Hampshire,Georgetown,0
New Hampshire,Elon,11
New Hampshire,Case Western,11
New Hampshire,Tennessee,8
New Hampshire,Clemson,10
New Hampshire,Ohio,14
New Hampshire,James Madison,12
Amherst College,Massachusetts,5
Amherst College,Massachusetts Amherst,2
Amherst College,Vermont,7
Amherst College,Brown,0
Amherst College,Colby,0
Amherst College,Dartmouth,0
Amherst College,Worcester Polytech,13
Amherst College,Clark,13
Amherst College,Williams,4
Amherst College,Providence College,14
Massachusetts Amherst,Dartmouth,11
Massachusetts Amherst,Amherst College,13
Massachusetts Amherst,Colby,13
Massachusetts Amherst,Brown,11
Massachusetts Amherst,Massachusetts,11
Massachusetts Amherst,Vermont,11
Massachusetts Amherst,Northeastern,12
Dartmouth,Massachusetts Amherst,8
Dartmouth,Massachusetts,12
Dartmouth,Colby,13
Dartmouth,Vermont,0
Dartmouth,Amherst College,15
Dartmouth,Brown,7
Dartmouth,Tufts,7
Dartmouth,New Hampshire,13
Dartmouth,Harvard,13
Dartmouth,MIT,15
Dartmouth,Northeastern,9
Dartmouth,Bowdoin,13
Dartmouth,Bates College,13
Dartmouth,Middlebury,13
Dartmouth,Ohio State,3
Dartmouth,Appalachian State,15
Dartmouth,North Carolina,7
Dartmouth,Tennessee,12
Dartmouth,Virginia,9
Dartmouth,Carnegie Mellon,13
Dartmouth,Western Washington,8
Dartmouth,California,13
Dartmouth,Cal Poly,8
Dartmouth,Texas,6
Dartmouth,Arizona,13
Alabama,Troy,11
Alabama,Auburn,11
Alabama,Southern Mississippi,15
Alabama,Mississippi State,11
Alabama,Tulane,13
Alabama,Alabama,15
Alabama,LSU,15
Alabama,Vanderbilt,14
Alabama,Mississippi,10
Alabama,Jacksonville State,13
Alabama,Middle Tennessee,15
Alabama,Florida State,13
Alabama,South Florida,15
Alabama,Florida,7
Alabama,Central Florida,7
Alabama,Tennessee,15
Alabama,Florida Tech,13
Alabama,Georgia,5
Alabama,Texas,7
Alabama,South Carolina,10
Alabama,Cornell,11
Alabama,Cincinnati,9
Alabama,Harvard,9
Alabama,Virginia Tech,9
Alabama,Wisconsin,7
Alabama,Rutgers,15
Alabama,Oklahoma,13
Alabama,Notre Dame,9
Alabama,North Carolina,7
Alabama,Carnegie Mellon,10
Alabama,Ohio State,11
Alabama,Maryland,15
Alabama,Kennesaw State,12
Alabama,Illinois State,14
Alabama,Illinois,7
Alabama,Kentucky,6
Alabama,Georgia State,8
Troy,Alabama,3
Troy,Tulane,1
Troy,Mississippi State,12
Troy,Southern Mississippi,10
Troy,Auburn,4
Troy,Mississippi,13
Troy,Florida Tech,14
Troy,Berry,6
Troy,Central Arkansas,15
Troy,Miami,15
Tulane,Mississippi State,11
Tulane,Southern Mississippi,11
Tulane,Troy,11
Tulane,Alabama,11
Tulane,Auburn,8
Tulane,Vanderbilt,15
Tulane,Georgia,6
Tulane,Tennessee,9
Tulane,Florida State,8
Tulane,Maryland,4
Tulane,Massachusetts,2
Tulane,Clemson,7
Tulane,Penn State,11
Tulane,Virginia,9
Tulane,Carnegie Mellon,11
Mississippi State,Tulane,4
Mississippi State,Auburn,4
Mississippi State,Troy,13
Mississippi State,Alabama,6
Mississippi State,Southern Mississippi,15
Mississippi State,Jacksonville State,9
Mississippi State,Columbus State,13
Mississippi State,Georgia Southern,12
Mississippi State,Central Arkansas,15
Mississippi State,Vanderbilt,7
Mississippi State,Georgia State,9
Mississippi State,LSU,8
Mississippi State,Kentucky,11
Mississippi State,Mississippi,13
Auburn,Mississippi State,11
Auburn,Alabama,14
Auburn,Southern Mississippi,11
Auburn,Tulane,10
Auburn,Troy,10
Auburn,LSU,10
Auburn,South Florida,13
Auburn,Florida State,12
Auburn,Chicago,13
Auburn,Virginia,15
Auburn,North Carolina,9
Auburn,Ohio,10
Auburn,Appalachian State,15
Auburn,Clemson,15
Auburn,Illinois State,12
Auburn,Kennesaw State,13
Auburn,Illinois,10
Southern Mississippi,Tulane,2
Southern Mississippi,Alabama,4
Southern Mississippi,Auburn,2
Southern Mississippi,Troy,8
Southern Mississippi,Mississippi State,7
Southern Mississippi,Mississippi,9
Southern Mississippi,Illinois State,15
LSU,Alabama,7
LSU,Mississippi,14
LSU,Jacksonville State,13
LSU,Middle Tennessee,13
LSU,Vanderbilt,15
LSU,Auburn,11
LSU,Florida,14
LSU,Georgia,8
LSU,Emory,14
LSU,Florida Tech,13
LSU,South Florida,12
LSU,Georgia Tech,8
LSU,Northeastern,8
LSU,Harvard,15
LSU,Brigham Young,9
LSU,Texas,7
LSU,Wisconsin,11
LSU,Tufts,12
LSU,South Carolina,15
LSU,Kentucky,11
LSU,Illinois,13
LSU,Mississippi State,11
LSU,Kennesaw State,15
LSU,Georgia State,10
Jacksonville State,Vanderbilt,5
Jacksonville State,Middle Tennessee,11
Jacksonville State,LSU,8
Jacksonville State,Alabama,5
Jacksonville State,Mississippi,13
Jacksonville State,Mississippi State,13
Vanderbilt,Jacksonville State,11
Vanderbilt,Alabama,8
Vanderbilt,Middle Tennessee,11
Vanderbilt,Mississippi,10
Vanderbilt,LSU,4
Vanderbilt,Tulane,7
Vanderbilt,Mississippi State,11
Vanderbilt,Georgia State,5
Vanderbilt,Illinois State,6
Middle Tennessee,Mississippi,13
Middle Tennessee,Jacksonville State,7
Middle Tennessee,Vanderbilt,10
Middle Tennessee,LSU,2
Middle Tennessee,Alabama,7
Mississippi,Middle Tennessee,9
Mississippi,LSU,8
Mississippi,Alabama,4
Mississippi,Vanderbilt,5
Mississippi,Jacksonville State,7
Mississippi,Southern Mississippi,11
Mississippi,Troy,8
Mississippi,Illinois State,13
Mississippi,Mississippi State,5
Yale,Sacred Heart,15
Yale,Connecticut,4
Yale,SUNY,0
Yale,Southern Connecticut,13
Yale,NYU,12
Yale,Princeton,7
Yale,Rutgers,7
Yale,RIT,15
Yale,Cornell,3
Sacred Heart,Yale,3
Sacred Heart,SUNY,2
Sacred Heart,Southern Connecticut,7
Sacred Heart,Connecticut,2
Southern Connecticut,SUNY,10
Southern Connecticut,Connecticut,6
Southern Connecticut,Sacred Heart,8
Southern Connecticut,Yale,2
SUNY,Southern Connecticut,12
SUNY,Sacred Heart,13
SUNY,Yale,0
SUNY,Connecticut,9
SUNY,SUNY,10
SUNY,Rutgers,0
SUNY,RIT,6
SUNY,Cornell,3
SUNY,NYU,7
SUNY,Marist,6
SUNY,Stevens Tech,9
SUNY,Hamilton,8
SUNY,Wesleyan,1
SUNY,Ithaca,7
SUNY,Rochester,11
SUNY,Rensselaer Polytech,8
SUNY,Princeton,8
SUNY,SUNY Oneonta,5
SUNY,Hofstra,11
SUNY,Rowan,13
SUNY,Columbia,10
SUNY,Syracuse,5
SUNY,Colgate,8
SUNY,St Lawrence,15
SUNY,Lehigh,13
SUNY,George Mason,13
SUNY,Richmond,12
SUNY,George Washington,13
SUNY,William,10
SUNY,Case Western,6
SUNY,Williams,F
Connecticut,Yale,11
Connecticut,Southern Connecticut,13
Connecticut,SUNY,15
Connecticut,Sacred Heart,13
Connecticut,Rutgers,13
Connecticut,Cornell,15
Connecticut,Syracuse,15
Connecticut,Princeton,12
Connecticut,Tennessee,12
Connecticut,Johns Hopkins,8
Connecticut,Virginia,2
Connecticut,Clemson,12
Connecticut,Case Western,10
Connecticut,James Madison,9
Connecticut,California,12
Connecticut,Victoria,11
Connecticut,Stanford,9
Connecticut,Michigan State,13
Rensselaer Polytech,Union,11
Rensselaer Polytech,Marist,5
Rensselaer Polytech,Skidmore,15
Rensselaer Polytech,New Haven,9
Rensselaer Polytech,Army,9
Rensselaer Polytech,Colgate,7
Rensselaer Polytech,Wesleyan,5
Rensselaer Polytech,Stevens Tech,9
Rensselaer Polytech,SUNY,9
Union,Rensselaer Polytech,5
Union,Skidmore,6
Union,New Haven,3
Union,Marist,5
Union,Florida Tech,6
Union,Embry,12
Union,Samford,10
Union,Berry,10
Union,Belmont,0
Union,Johnson,15
Marist,Rensselaer Polytech,11
Marist,Union,11
Marist,Skidmore,11
Marist,Wesleyan,16
Marist,SUNY,15
Marist,Hamilton,14
Marist,Stevens Tech,15
Skidmore,Union,11
Skidmore,Rensselaer Polytech,9
Skidmore,New Haven,15
Skidmore,Marist,7
Skidmore,Vassar,13
New Haven,Union,11
New Haven,Skidmore,13
New Haven,Rensselaer Polytech,10
New Haven,Hartford,10
Army,Vassar,11
Army,Hartford,10
Army,Saint Rose,11
Army,Wesleyan,12
Army,Rensselaer Polytech,13
Army,Rochester,12
Army,Ithaca,0
Army,Stevens Tech,0
Vassar,Army,5
Vassar,Saint Rose,11
Vassar,Wesleyan,1
Vassar,Hartford,0
Vassar,Skidmore,11
Hartford,Saint Rose,10
Hartford,Army,9
Hartford,Wesleyan,5
Hartford,Vassar,0
Hartford,New Haven,15
Saint Rose,Hartford,6
Saint Rose,Wesleyan,1
Saint Rose,Vassar,3
Saint Rose,Army,3
Wesleyan,Saint Rose,11
Wesleyan,Hartford,11
Wesleyan,Vassar,11
Wesleyan,Army,15
Wesleyan,Marist,15
Wesleyan,Rensselaer Polytech,15
Wesleyan,Colgate,0
Wesleyan,SUNY,15
DePaul,Northwestern,2
DePaul,Chicago,3
DePaul,Northern Illinois,9
DePaul,Illinois State,11
DePaul,Illinois,8
DePaul,Loyola,9
Northern Illinois,Chicago,6
Northern Illinois,Northwestern,1
Northern Illinois,DePaul,6
Northern Illinois,Illinois,0
Northern Illinois,Loyola,7
Marquette,Northern Michigan,13
Marquette,Wisconsin,1
Marquette,Luther,13
Marquette,Minnesota,13
Marquette,Iowa State,7
Northern Michigan,Marquette,2
Northern Michigan,Wisconsin,11
Carthage College,Wisconsin,13
Carthage College,Milwaukee School,4
Carthage College,Michigan Tech,2
Milwaukee School,Wisconsin,13
Milwaukee School,Carthage College,13
Harvard,Massachusetts,5
Harvard,Tufts,5
Harvard,Northeastern,6
Harvard,Boston College,13
Harvard,Boston University,12
Harvard,MIT,0
Harvard,New Hampshire,13
Harvard,Dartmouth,11
Harvard,Vermont,12
Harvard,Carleton College,12
Harvard,LSU,10
Harvard,Minnesota,7
Harvard,Temple,12
Harvard,Alabama,8
Harvard,Kennesaw State,12
Boston University,Northeastern,6
Boston University,MIT,10
Boston University,Boston College,7
Boston University,Harvard,11
Boston University,Tufts,8
Boston University,Massachusetts,15
Boston College,Northeastern,4
Boston College,Boston University,13
Boston College,MIT,10
Boston College,Harvard,11
Boston College,Massachusetts,F
Boston College,Tufts,15
Boston College,Vermont,11
Boston College,Brown,2
Boston College,Michigan,9
Boston College,Illinois State,12
Boston College,Temple,7
Boston College,Florida State,7
Boston College,Virginia Tech,7
Boston College,Emory,8
Boston College,High Point,9
Boston College,Florida,6
Boston College,Stetson,13
Boston College,North Florida,8
Boston College,South Florida,14
Boston College,Florida Gulf,13
Boston College,Cincinnati,3
Boston College,Cornell,11
Boston College,Embry,6
Boston College,Central Florida,11
MIT,Boston University,11
MIT,Northeastern,4
MIT,Boston College,12
MIT,Tufts,6
MIT,Massachusetts,F
MIT,Harvard,15
MIT,Vermont,9
MIT,Brown,6
MIT,Dartmouth,10
Wentworth,Wheaton,13
Wentworth,Brandeis,7
Wentworth,Stonehill,8
Wentworth,Bentley,5
Brandeis,Wheaton,13
Brandeis,Wentworth,13
Brandeis,Stonehill,15
Brandeis,Bentley,15
Brandeis,Bryant University,7
Brandeis,Colby,8
Brandeis,Bates College,4
Brandeis,Williams,10
Bentley,Stonehill,13
Bentley,Wheaton,13
Bentley,Wentworth,13
Bentley,Brandeis,8
Bentley,Bowdoin,8
Bentley,Williams,3
Bentley,Bates College,9
Stonehill,Bentley,6
Stonehill,Wheaton,13
Stonehill,Wentworth,11
Stonehill,Brandeis,4
Syracuse,Rutgers,5
Syracuse,Connecticut,9
Syracuse,Princeton,14
Syracuse,SUNY,9
Syracuse,RIT,6
Syracuse,Cornell,10
RIT,SUNY,11
RIT,Cornell,10
RIT,Yale,12
RIT,Syracuse,13
Cornell,SUNY,13
Cornell,RIT,11
Cornell,Connecticut,10
Cornell,NYU,15
Cornell,SUNY Oneonta,13
Cornell,Rutgers,12
Cornell,Yale,15
Cornell,Syracuse,12
Cornell,Kansas,6
Cornell,Cincinnati,13
Cornell,Alabama,7
Cornell,Brown,7
Cornell,Michigan,0
Cornell,Florida,13
Cornell,Temple,11
Cornell,Boston College,12
Princeton,NYU,9
Princeton,Yale,12
Princeton,Syracuse,13
Princeton,Rutgers,7
Princeton,SUNY,9
Princeton,Connecticut,9
Princeton,Rowan,10
Princeton,Hofstra,13
NYU,Princeton,6
NYU,Yale,9
NYU,Cornell,8
NYU,SUNY,9
NYU,Columbia,10
NYU,Rutgers,7
Stevens Tech,SUNY,11
Stevens Tech,Hamilton,8
Stevens Tech,Marist,10
Stevens Tech,Rensselaer Polytech,10
Stevens Tech,Rochester,13
Stevens Tech,Army,1
Stevens Tech,New York,13
Stevens Tech,College of,11
Colgate,Rensselaer Polytech,11
Colgate,Wesleyan,0
Colgate,Hamilton,12
Colgate,Ithaca,8
Colgate,SUNY,15
Ithaca,Rochester,9
Ithaca,Army,0
Ithaca,Colgate,12
Ithaca,SUNY,13
Ithaca,Hamilton,10
Rochester,Ithaca,10
Rochester,Army,4
Rochester,Hamilton,7
Rochester,SUNY,10
Rochester,Stevens Tech,9
Rochester,St Lawrence,13
SUNY Oneonta,SUNY,10
SUNY Oneonta,Cornell,3
Columbia,Rutgers,8
Columbia,NYU,4
Columbia,New Jersey,11
Columbia,SUNY,6
Columbia,Rowan,11
Columbia,Hofstra,13
New Jersey,Rutgers,2
New Jersey,Columbia,7
New Jersey,Rowan,3
New Jersey,Hofstra,4
Rowan,Princeton,9
Rowan,SUNY,6
Rowan,Hofstra,11
Rowan,Columbia,5
Rowan,New Jersey,13
Hofstra,SUNY,6
Hofstra,Princeton,9
Hofstra,Rowan,7
Hofstra,Columbia,11
Hofstra,New Jersey,13
New York,Stevens Tech,2
College of,Stevens Tech,7
Western Michigan,Michigan,0
Western Michigan,Michigan State,1
Williams,Bowdoin,6
Williams,Middlebury,11
Williams,Bentley,15
Williams,Colby,8
Williams,Bates College,15
Williams,Brandeis,15
Williams,Clark,13
Williams,Bryant University,10
Williams,Providence College,13
Williams,Amherst College,15
Williams,Worcester Polytech,13
Williams,Liberty,13
Williams,Davidson,13
Williams,James Madison,12
Williams,Virginia Commonwealth,13
Williams,Richmond,12
Williams,SUNY,W
Bryant University,Brandeis,11
Bryant University,Bates College,15
Bryant University,Colby,6
Bryant University,Middlebury,2
Bryant University,Bowdoin,5
Bryant University,Williams,15
Bryant University,Worcester Polytech,13
Bryant University,Providence College,13
Bryant University,Clark,13
Bates College,Colby,6
Bates College,Bryant University,7
Bates College,Brandeis,15
Bates College,Williams,11
Bates College,Bentley,10
Bates College,Middlebury,8
Bates College,Dartmouth,5
Las Positas,Humboldt State,10
Las Positas,California,13
Las Positas,Fresno State,11
Las Positas,Sacramento State,11
Las Positas,Santa Clara,0
Las Positas,Nevada,13
Las Positas,Cal Poly,4
Las Positas,Southern California,7
Las Positas,Lewis,12
Las Positas,Washington,13
Las Positas,Arizona,13
Las Positas,Whitman,6
Las Positas,North Texas,11
Las Positas,Stanford,0
Sacramento State,California,5
Sacramento State,Humboldt State,5
Sacramento State,Las Positas,8
Sacramento State,Fresno State,11
Sacramento State,San Jose,15
Sacramento State,Oregon,10
Sacramento State,Carleton College,2
Sacramento State,Control,5
Sacramento State,Claremont,9
Sacramento State,Arizona,0
Sacramento State,Stanford,0
Fresno State,California,1
Fresno State,Las Positas,2
Fresno State,Sacramento State,2
Fresno State,Humboldt State,2
Fresno State,San Jose,8
Sonoma State,Stanford,6
Sonoma State,Santa Clara,10
Sonoma State,San Jose,13
Sonoma State,Chico State,5
Sonoma State,Nevada,6
Sonoma State,Humboldt State,12
Sonoma State,Occidental,6
Sonoma State,Air Force,5
Santa Clara,Nevada,13
Santa Clara,Sonoma State,13
Santa Clara,Stanford,8
Santa Clara,San Jose,13
Santa Clara,Chico State,15
Santa Clara,California,9
Santa Clara,Las Positas,15
Santa Clara,UCLA,7
Santa Clara,Northern Arizona,10
Santa Clara,Colorado State,5
Santa Clara,British Columbia,6
Santa Clara,Brigham Young,2
Santa Clara,Arizona,11
Santa Clara,Whitman,8
Santa Clara,Texas,13
Santa Clara,Carleton College,0
Chico State,San Jose,13
Chico State,Stanford,13
Chico State,Nevada,11
Chico State,Sonoma State,12
Chico State,Santa Clara,0
Chico State,California,7
Chico State,New Mexico,12
Chico State,North Texas,9
Chico State,Seven Hills,9
San Jose,Chico State,5
San Jose,Nevada,6
San Jose,Sonoma State,7
San Jose,Santa Clara,5
San Jose,Stanford,2
San Jose,Fresno State,15
San Jose,Sacramento State,8
San Jose,Texas,10
San Jose,Whitman,0
San Jose,California,7
San Jose,Whitworth,0
San Jose,Cal Poly,0
Winona State,St John,15
Winona State,Michigan Tech,7
Winona State,St,12
Winona State,St Olaf,6
Winona State,Carleton College,3
Winona State,Macalester,11
Winona State,Bethel,13
Winona State,Minnesota,8
Winona State,Carleton Hot,13
St John,Winona State,6
St John,Michigan Tech,7
St John,St,15
St John,St Olaf,2
St John,Carleton Hot,11
St John,Macalester,12
St John,Bethel,14
St Olaf,St,15
St Olaf,St John,13
St Olaf,Winona State,7
St Olaf,Luther,7
St Olaf,Wisconsin,15
St Olaf,Carleton Hot,15
St Olaf,Macalester,15
St Olaf,Carleton College,4
St,St Olaf,12
St,St John,13
St,Winona State,15
St,Michigan Tech,7
St,Macalester,12
St,Wisconsin,14
St,Carleton College,4
St,Bethel,15
Macalester,Wisconsin,13
Macalester,Carleton College,7
Macalester,Carleton Hot,10
Macalester,Luther,7
Macalester,Winona State,12
Macalester,St,15
Macalester,St John,13
Macalester,St Olaf,10
Macalester,Minnesota,8
Macalester,Bethel,13
Carleton College,Luther,11
Carleton College,Wisconsin,12
Carleton College,Macalester,13
Carleton College,Carleton Hot,13
Carleton College,Michigan Tech,13
Carleton College,Winona State,15
Carleton College,Minnesota,12
Carleton College,North Dakota,13
Carleton College,Minnesota State,13
Carleton College,Bethel,15
Carleton College,St,15
Carleton College,St Olaf,15
Carleton College,Richmond,13
Carleton College,North Carolina,5
Carleton College,Duke,13
Carleton College,Florida State,12
Carleton College,Georgia Tech,9
Carleton College,Harvard,14
Carleton College,Emory,13
Carleton College,Pittsburgh,11
Carleton College,Kansas,13
Carleton College,Central Florida,8
Carleton College,Brigham Young,10
Carleton College,Tufts,13
Carleton College,Kennesaw State,15
Carleton College,Northeastern,15
Carleton College,Control,13
Carleton College,Sacramento State,13
Carleton College,Claremont,12
Carleton College,Oregon,13
Carleton College,Nevada,7
Carleton College,Santa Clara,0
Carleton College,Humboldt State,8
Carleton Hot,Luther,4
Carleton Hot,Wisconsin,8
Carleton Hot,Macalester,11
Carleton Hot,Carleton College,1
Carleton Hot,St John,10
Carleton Hot,St Olaf,10
Carleton Hot,Bethel,8
Carleton Hot,Minnesota,10
Carleton Hot,Winona State,6
Stephen F,North Texas,7
Stephen F,Texas Tech,1
Stephen F,Texas,15
Stephen F,Baylor,4
Stephen F,Texas Christian,5
Stephen F,Southern Methodist,12
Stephen F,Sam Houston,10
Stephen F,Texas State,8
North Texas,Stephen F,5
North Texas,Texas Tech,4
North Texas,Texas,11
North Texas,Baylor,7
North Texas,Southern Methodist,10
North Texas,Texas Christian,8
North Texas,Oklahoma State,0
North Texas,Kansas State,9
North Texas,Nebraska,4
North Texas,John Brown,2
North Texas,Texas State,13
North Texas,Sam Houston,13
North Texas,Colorado College,15
North Texas,Oklahoma,15
North Texas,Stanford,13
North Texas,Chico State,11
North Texas,Seven Hills,11
North Texas,California,8
North Texas,Las Positas,8
Baylor,Texas,5
Baylor,North Texas,8
Baylor,Stephen F,13
Baylor,Texas Christian,9
Baylor,Texas Tech,6
Baylor,Saint Louis,12
Baylor,Texas State,15
Baylor,Arkansas,0
Baylor,Sam Houston,12
Baylor,Oklahoma,10
Baylor,Nebraska,13
Baylor,Oklahoma State,10
Texas Tech,North Texas,13
Texas Tech,Stephen F,13
Texas Tech,Texas,9
Texas Tech,Texas Christian,1
Texas Tech,Baylor,15
Texas Tech,Texas A,8
Texas Tech,Kansas,12
Texas Tech,Southern Methodist,13
Texas Tech,Oklahoma,15
Texas Tech,Marcus,13
Texas Tech,Rice,14
Texas Tech,John Brown,15
Texas Tech,Kansas State,15
Texas Christian,Southern Methodist,13
Texas Christian,Texas,13
Texas Christian,North Texas,12
Texas Christian,Texas Tech,0
Texas Christian,Baylor,7
Texas Christian,Stephen F,10
Southern Methodist,Texas Christian,3
Southern Methodist,Texas,11
Southern Methodist,North Texas,11
Southern Methodist,Stephen F,7
Southern Methodist,Texas Tech,2
Southern Methodist,Marcus,5
Southern Methodist,Rice,2
Southern Methodist,Oklahoma,0
Catholic,Roanoke,11
Catholic,Navy,7
Catholic,Richmond,5
Catholic,Christopher Newport,7
Catholic,St Mary,15
Roanoke,Catholic,7
Roanoke,Richmond,2
Roanoke,Navy,4
Roanoke,Shenandoah,11
Shenandoah,Mary Washington,8
Shenandoah,Christopher Newport,5
Shenandoah,St Mary,11
Shenandoah,Roanoke,9
St Mary,Christopher Newport,2
St Mary,Mary Washington,4
St Mary,Shenandoah,7
St Mary,Catholic,2
Willamette University,Portland,1
Willamette University,Whitman,0
Willamette University,Pacific Lutheran,2
Willamette University,Whitworth,5
Willamette University,Puget Sound,4
Willamette University,Seattle,W
Pacific Lutheran,Portland,4
Pacific Lutheran,Willamette University,13
Pacific Lutheran,Lewis,4
Pacific Lutheran,Puget Sound,7
Pacific Lutheran,Seattle,W
Whitworth,Lewis,8
Whitworth,Puget Sound,13
Whitworth,Seattle,10
Whitworth,Portland,4
Whitworth,Willamette University,15
Whitworth,UCLA,7
Whitworth,Humboldt State,9
Whitworth,Utah State,8
Whitworth,Coup Red,9
Whitworth,San Jose,0
Whitworth,Cal Poly,0
Seattle,Puget Sound,0
Seattle,Lewis,3
Seattle,Whitworth,5
Seattle,Whitman,0
Seattle,Pacific Lutheran,F
Seattle,Willamette University,F
Minnesota State,Minnesota,8
Minnesota State,Carleton College,4
Minnesota State,North Dakota,15
North Dakota,Carleton College,0
North Dakota,Minnesota,3
North Dakota,Minnesota State,11
Bethel,Carleton College,2
Bethel,Winona State,6
Bethel,St,10
Bethel,St John,12
Bethel,Carleton Hot,10
Bethel,Macalester,3
Bethel,Minnesota,13
Toledo,Kent State,11
Toledo,Ohio State,3
Toledo,Miami,11
Toledo,Cincinnati,4
Toledo,Wright State,13
Toledo,Akron,1
Kent State,Toledo,9
Kent State,Miami,8
Kent State,Cincinnati,3
Kent State,Ohio State,1
Kent State,Wright State,0
Cincinnati,Kent State,13
Cincinnati,Toledo,13
Cincinnati,Miami,13
Cincinnati,Ohio,0
Cincinnati,Ohio State,8
Cincinnati,Pennsylvania,12
Cincinnati,Case Western,9
Cincinnati,Temple,11
Cincinnati,Cornell,10
Cincinnati,Florida State,8
Cincinnati,South Florida,13
Cincinnati,Alabama,11
Cincinnati,Oklahoma,7
Cincinnati,Brigham Young,5
Cincinnati,Florida,12
Cincinnati,Boston College,10
Cincinnati,Kansas,7
Ohio,Dayton,11
Ohio,Wright State,11
Ohio,Cleveland State,11
Ohio,Akron,11
Ohio,Case Western,11
Ohio,Cincinnati,0
Ohio,Ohio State,8
Ohio,Temple,14
Ohio,Lehigh,15
Ohio,Carnegie Mellon,7
Ohio,Villanova,W
Ohio,George Mason,13
Ohio,Clemson,13
Ohio,Indiana,7
Ohio,Georgia Tech,8
Ohio,New Hampshire,13
Ohio,Tennessee,15
Ohio,Pennsylvania,13
Ohio,Virginia,13
Ohio,Chicago,12
Ohio,Auburn,12
Ohio,North Carolina,6
Ohio,Massachusetts,3
Ohio,Maryland,12
Dayton,Ohio,7
Dayton,Cleveland State,11
Dayton,Case Western,8
Dayton,Wright State,11
Dayton,Akron,11
Dayton,Miami,W
Dayton,Carnegie Mellon,8
Dayton,Penn State,7
Dayton,Pennsylvania,F
Dayton,Johns Hopkins,11
Dayton,Virginia,6
Dayton,Tennessee,4
Dayton,Georgia Southern,14
Dayton,Elon,14
Dayton,George Mason,15
Case Western,Wright State,11
Case Western,Akron,11
Case Western,Dayton,11
Case Western,Cleveland State,11
Case Western,Ohio,8
Case Western,Ohio State,13
Case Western,Villanova,13
Case Western,Penn State,0
Case Western,Cincinnati,15
Case Western,Miami,W
Case Western,Oberlin,13
Case Western,Pittsburgh,2
Case Western,Pennsylvania,8
Case Western,Elon,10
Case Western,Tennessee,13
Case Western,New Hampshire,13
Case Western,Georgetown,7
Case Western,Connecticut,15
Case Western,Drexel University,11
Case Western,James Madison,13
Case Western,Vermont,11
Case Western,Davidson,15
Case Western,SUNY,15
Wright State,Case Western,3
Wright State,Ohio,6
Wright State,Akron,11
Wright State,Dayton,5
Wright State,Cleveland State,11
Wright State,Toledo,12
Wright State,Kent State,1
Akron,Cleveland State,11
Akron,Case Western,3
Akron,Wright State,7
Akron,Ohio,3
Akron,Dayton,3
Akron,Toledo,0
Cleveland State,Akron,4
Cleveland State,Dayton,4
Cleveland State,Ohio,1
Cleveland State,Case Western,2
Cleveland State,Wright State,6
John Carroll,Ohio Wesleyan,11
John Carroll,Franciscan,8
John Carroll,Kenyon,6
John Carroll,Oberlin,1
John Carroll,Denison,0
John Carroll,Ohio Northern,0
Ohio Wesleyan,John Carroll,10
Ohio Wesleyan,Kenyon,8
Ohio Wesleyan,Oberlin,3
Ohio Wesleyan,Franciscan,2
Ohio Wesleyan,Denison,0
Ohio Wesleyan,Ohio Northern,1
Kenyon,Ohio Wesleyan,13
Kenyon,John Carroll,13
Kenyon,Franciscan,5
Kenyon,Oberlin,3
Kenyon,Wooster,10
Kenyon,Denison,9
Oberlin,Ohio Wesleyan,13
Oberlin,John Carroll,13
Oberlin,Kenyon,13
Oberlin,Xavier,0
Oberlin,Wooster,10
Oberlin,Shippensburg,15
Oberlin,Franciscan,11
Oberlin,Penn State,1
Oberlin,Ohio State,2
Oberlin,Case Western,0
Oberlin,Pittsburgh,0
Oberlin,Temple,0
Oberlin,Pennsylvania,0
Cedarville,Xavier,15
Cedarville,Denison,15
Cedarville,Ohio Northern,15
Cedarville,Wooster,15
Cedarville,Franciscan,12
Cedarville,Haverford,6
Cedarville,Shippensburg,10
Cedarville,Swarthmore,15
Xavier,Cedarville,0
Xavier,Wooster,10
Xavier,Denison,12
Xavier,Ohio Northern,11
Xavier,Oberlin,0
Xavier,Grove City,15
Xavier,Messiah,10
Denison,Wooster,8
Denison,Cedarville,6
Denison,Ohio Northern,8
Denison,Xavier,10
Denison,Kenyon,13
Denison,Ohio Wesleyan,1
Denison,John Carroll,1
Wooster,Denison,15
Wooster,Ohio Northern,14
Wooster,Xavier,5
Wooster,Cedarville,11
Wooster,Kenyon,12
Wooster,Oberlin,5
Wooster,Swarthmore,12
Ohio Northern,Wooster,12
Ohio Northern,Denison,12
Ohio Northern,Cedarville,4
Ohio Northern,Xavier,9
Ohio Northern,Ohio Wesleyan,0
Ohio Northern,John Carroll,0
Carnegie Mellon,Pittsburgh,9
Carnegie Mellon,Drexel,13
Carnegie Mellon,Dayton,14
Carnegie Mellon,Ohio,14
Carnegie Mellon,Penn State,10
Carnegie Mellon,Indiana,15
Carnegie Mellon,Slippery Rock,15
Carnegie Mellon,Edinboro,12
Carnegie Mellon,West Virginia,7
Carnegie Mellon,North Carolina,8
Carnegie Mellon,Notre Dame,10
Carnegie Mellon,Alabama,6
Carnegie Mellon,Dartmouth,9
Carnegie Mellon,Tulane,12
Penn State,Drexel,14
Penn State,Carnegie Mellon,11
Penn State,Case Western,0
Penn State,Temple,12
Penn State,Dayton,15
Penn State,Oberlin,15
Penn State,Pittsburgh,6
Penn State,Ohio State,12
Penn State,Pennsylvania,F
Penn State,West Virginia,15
Penn State,Indiana,15
Penn State,Slippery Rock,11
Penn State,Edinboro,15
Penn State,Clemson,11
Penn State,Maryland,8
Penn State,Massachusetts,3
Penn State,Tulane,7
Penn State,Tennessee,9
Penn State,Chicago,14
Messiah,Lehigh,12
Messiah,Muhlenberg,10
Messiah,Xavier,14
Messiah,Swarthmore,0
Messiah,Bucknell,15
Messiah,Allegheny,13
Messiah,Shippensburg,15
Grove City,Swarthmore,8
Grove City,Franciscan,7
Grove City,Xavier,10
Grove City,Allegheny,13
Grove City,Bucknell,13
Grove City,Susquehanna,15
Grove City,Shippensburg,13
Grove City,Dickinson,15
Shippensburg,Haverford,8
Shippensburg,Cedarville,9
Shippensburg,Muhlenberg,15
Shippensburg,Oberlin,8
Shippensburg,Susquehanna,13
Shippensburg,California,13
Shippensburg,Dickinson,13
Shippensburg,Grove City,15
Shippensburg,Messiah,10
Oklahoma,Washington University,9
Oklahoma,Missouri,0
Oklahoma,Arkansas,0
Oklahoma,Missouri State,0
Oklahoma,Kansas State,2
Oklahoma,Saint Louis,14
Oklahoma,Central Arkansas,11
Oklahoma,Kansas,13
Oklahoma,Oklahoma State,14
Oklahoma,Colorado State,7
Oklahoma,Texas,4
Oklahoma,Colorado College,12
Oklahoma,Marcus,13
Oklahoma,Texas Tech,3
Oklahoma,Rice,8
Oklahoma,Southern Methodist,13
Oklahoma,John Brown,9
Oklahoma,Baylor,15
Oklahoma,North Texas,6
Oklahoma,Sam Houston,3
Oklahoma,Nebraska,15
Oklahoma,Emory,11
Oklahoma,Illinois State,10
Oklahoma,South Florida,13
Oklahoma,Cincinnati,13
Oklahoma,Georgia,6
Oklahoma,Northwestern,15
Oklahoma,Alabama,11
Washington University,Oklahoma,6
Washington University,Missouri State,10
Washington University,Missouri,8
Washington University,Arkansas,10
Washington University,Oklahoma State,11
Washington University,Texas A,8
Washington University,Kansas State,12
Washington University,Kansas,11
Washington University,Stanford,9
Washington University,Colorado School,11
Washington University,Cal Poly,10
Washington University,California,3
Missouri,Oklahoma,0
Missouri,Missouri State,8
Missouri,Washington University,7
Missouri,Saint Louis,0
Missouri,Central Arkansas,0
Missouri,Kansas State,14
Missouri State,Washington University,9
Missouri State,Missouri,7
Missouri State,Arkansas,6
Missouri State,Oklahoma,0
Missouri State,Saint Louis,0
Missouri State,Kansas State,0
Missouri State,Central Arkansas,0
Arkansas,Oklahoma,0
Arkansas,Missouri State,11
Arkansas,Washington University,6
Arkansas,Kansas State,9
Arkansas,Central Arkansas,0
Arkansas,Saint Louis,0
Arkansas,Colorado State,9
Arkansas,Kansas,6
Arkansas,Baylor,0
Oklahoma State,Saint Louis,11
Oklahoma State,Central Arkansas,11
Oklahoma State,Kansas,11
Oklahoma State,Kansas State,11
Oklahoma State,Oklahoma,8
Oklahoma State,Washington University,15
Oklahoma State,Texas,7
Oklahoma State,Colorado,15
Oklahoma State,North Texas,13
Oklahoma State,John Brown,11
Oklahoma State,Nebraska,13
Oklahoma State,Rice,11
Oklahoma State,Sam Houston,15
Oklahoma State,Baylor,15
Saint Louis,Oklahoma State,4
Saint Louis,Oklahoma,10
Saint Louis,Kansas State,11
Saint Louis,Central Arkansas,11
Saint Louis,Kansas,8
Saint Louis,Missouri,0
Saint Louis,Missouri State,0
Saint Louis,Arkansas,0
Saint Louis,Texas,5
Saint Louis,Baylor,15
Saint Louis,Colorado,13
Kansas,Central Arkansas,11
Kansas,Kansas State,11
Kansas,Oklahoma State,6
Kansas,Oklahoma,6
Kansas,Saint Louis,10
Kansas,Texas Tech,10
Kansas,Arkansas,11
Kansas,Washington University,3
Kansas,Kennesaw State,10
Kansas,Cornell,15
Kansas,Temple,12
Kansas,Carleton College,5
Kansas,Florida,5
Kansas,Illinois State,11
Kansas,Virginia Tech,11
Kansas,Cincinnati,8
Central Arkansas,Kansas,5
Central Arkansas,Oklahoma State,4
Central Arkansas,Oklahoma,10
Central Arkansas,Saint Louis,1
Central Arkansas,Kansas State,3
Central Arkansas,Arkansas,0
Central Arkansas,Missouri,0
Central Arkansas,Missouri State,0
Central Arkansas,Berry,0
Central Arkansas,Florida Tech,0
Central Arkansas,Troy,0
Central Arkansas,Mississippi State,0
Central Arkansas,Miami,F
Central Arkansas,Columbus State,F
Kansas State,Oklahoma,11
Kansas State,Kansas,6
Kansas State,Saint Louis,3
Kansas State,Oklahoma State,1
Kansas State,Central Arkansas,11
Kansas State,Arkansas,15
Kansas State,Missouri State,0
Kansas State,Missouri,15
Kansas State,Texas,5
Kansas State,Washington University,9
Kansas State,Texas State,15
Kansas State,John Brown,8
Kansas State,Nebraska,13
Kansas State,North Texas,12
Kansas State,Texas Tech,6
Truman State,Missouri S,10
Truman State,Tulsa,8
Truman State,Harding,10
Truman State,John Brown,11
Truman State,Air Force,9
Truman State,Colorado College,14
Truman State,Rice,12
Truman State,Trinity,15
Missouri S,Truman State,15
Missouri S,John Brown,15
Missouri S,Tulsa,11
Missouri S,Harding,11
Missouri S,Colorado College,13
Missouri S,Air Force,9
Missouri S,Rice,15
John Brown,Missouri S,9
John Brown,Harding,11
John Brown,Tulsa,7
John Brown,Truman State,15
John Brown,Colorado School,12
John Brown,Trinity,15
John Brown,Colorado College,11
John Brown,Kansas State,13
John Brown,Oklahoma State,10
John Brown,Nebraska,10
John Brown,North Texas,13
John Brown,Texas Tech,4
John Brown,Oklahoma,12
John Brown,Texas State,15
Tulsa,Truman State,3
Tulsa,Missouri S,3
Tulsa,John Brown,1
Harding,John Brown,6
Harding,Truman State,6
Harding,Missouri S,4
Denver,Colorado State,13
Denver,Colorado Mesa,12
Denver,Colorado,11
Denver,Arizona State,13
Denver,Air Force,13
Denver,Arizona,13
Denver,Northern Arizona,11
Denver,Grand Canyon,8
Colorado State,Denver,11
Colorado State,Colorado,6
Colorado State,Colorado Mesa,10
Colorado State,Texas,10
Colorado State,Oklahoma,12
Colorado State,Arkansas,10
Colorado State,Texas A,11
Colorado State,Arizona State,9
Colorado State,The University,11
Colorado State,Grand Canyon,10
Colorado State,Brigham Young,7
Colorado State,Santa Clara,13
Colorado State,UCLA,12
Colorado State,British Columbia,10
Colorado State,California,13
Colorado Mesa,Denver,7
Colorado Mesa,Colorado State,11
Colorado Mesa,Colorado,7
Colorado College,Air Force,10
Colorado College,Colorado School,12
Colorado College,Missouri S,12
Colorado College,Truman State,7
Colorado College,Rice,12
Colorado College,John Brown,12
Colorado College,Texas,13
Colorado College,Texas State,8
Colorado College,Oklahoma,4
Colorado College,North Texas,0
Colorado College,Marcus,11
Colorado College,Nebraska,13
Colorado School,Air Force,10
Colorado School,Colorado College,8
Colorado School,Colorado School,5
Colorado School,Trinity,15
Colorado School,John Brown,8
Colorado School,Rice,0
Colorado School,Cal Poly,11
Colorado School,Washington University,7
Colorado School,Stanford,10
Cal State,Cal Poly,11
Cal State,California,1
Cal State,San Diego,10
Cal State,Loyola Marymount,0
San Diego,Loyola Marymount,10
San Diego,UCLA,2
San Diego,California,5
San Diego,Southern California,2
San Diego,Cal Poly,9
San Diego,Cal State,12
Loyola Marymount,San Diego,6
Loyola Marymount,Southern California,1
Loyola Marymount,UCLA,2
Loyola Marymount,California,6
Loyola Marymount,Cal State,0
UCLA,California,9
UCLA,San Diego,13
UCLA,Loyola Marymount,13
UCLA,Southern California,12
UCLA,Cal Poly,5
UCLA,Santa Clara,6
UCLA,Northern Arizona,13
UCLA,Arizona State,4
UCLA,Arizona,11
UCLA,Brigham Young,9
UCLA,Colorado State,10
UCLA,British Columbia,12
UCLA,Washington,8
UCLA,Western Washington,13
UCLA,Coup Red,13
UCLA,Whitworth,13
UCLA,Humboldt State,13
UCLA,Utah State,11
Southern California,California,13
Southern California,Loyola Marymount,13
Southern California,San Diego,13
Southern California,UCLA,15
Southern California,Cal Poly,15
Southern California,Stanford,13
Southern California,Humboldt State,13
Southern California,Arizona,10
Southern California,Las Positas,15
Southern California,Michigan State,13
Southern California,Washington,13
Southern California,British Columbia,7
Southern California,Victoria,11
Texas A,Colorado,9
Texas A,Texas State,7
Texas A,Texas,9
Texas A,Colorado State,13
Texas A,Texas Tech,15
Texas A,Washington University,12
Texas A,Sam Houston,11
Texas A,Houston,11
Texas A,Lamar,11
Texas A,South Carolina,10
Texas A,Georgia,12
Texas A,Northeastern,12
Texas A,Virginia Tech,11
Texas A,Michigan,14
Texas A,Florida State,13
Texas A,Brown,9
Texas A,Pittsburgh,10
Texas State,Texas A,8
Texas State,Colorado,9
Texas State,Kansas State,0
Texas State,Baylor,0
Texas State,Texas,13
Texas State,Sam Houston,0
Texas State,Texas State,2
Texas State,Lamar,11
Texas State,Colorado College,13
Texas State,North Texas,3
Texas State,Stephen F,11
Texas State,John Brown,2
Texas State,Marcus,7
Texas State,Nebraska,15
Trinity,Colorado School,8
Trinity,Rice,6
Trinity,John Brown,8
Trinity,Truman State,8
Trinity,Dallas Baptist,10
Trinity,Dallas,13
Trinity,Sul Ross,13
Trinity,Abilene Christian,9
Rice,Trinity,13
Rice,Colorado School,15
Rice,Air Force,13
Rice,Missouri S,13
Rice,Colorado College,13
Rice,Truman State,15
Rice,Abilene Christian,13
Rice,Dallas,8
Rice,Dallas Baptist,10
Rice,Sul Ross,13
Rice,Marcus,13
Rice,Oklahoma,12
Rice,Southern Methodist,13
Rice,Texas Tech,11
Rice,Oklahoma State,12
Rice,Texas,13
Clark,Williams,3
Clark,Providence College,12
Clark,Amherst College,8
Clark,Worcester Polytech,0
Clark,Bryant University,4
Worcester Polytech,Providence College,6
Worcester Polytech,Amherst College,9
Worcester Polytech,Bryant University,3
Worcester Polytech,Clark,0
Worcester Polytech,Williams,3
Providence College,Worcester Polytech,13
Providence College,Clark,13
Providence College,Williams,4
Providence College,Bryant University,8
Providence College,Amherst College,9
Sam Houston,Texas,5
Sam Houston,Texas State,15
Sam Houston,Texas A,4
Sam Houston,Houston,9
Sam Houston,Stephen F,11
Sam Houston,Baylor,4
Sam Houston,North Texas,0
Sam Houston,Oklahoma State,0
Sam Houston,Oklahoma,6
Lamar,Texas,11
Lamar,Houston,11
Lamar,Texas A,0
Lamar,Texas State,3
Houston,Texas,11
Houston,Texas A,0
Houston,Lamar,0
Houston,Sam Houston,11
Kennesaw State,Emory,12
Kennesaw State,Georgia Tech,12
Kennesaw State,Central Florida,9
Kennesaw State,Florida,10
Kennesaw State,Georgia Southern,11
Kennesaw State,Tennessee Tech,15
Kennesaw State,Georgia,6
Kennesaw State,Tennessee,3
Kennesaw State,Kansas,12
Kennesaw State,Texas,9
Kennesaw State,Northwestern,13
Kennesaw State,Temple,11
Kennesaw State,Tufts,11
Kennesaw State,Northeastern,9
Kennesaw State,Harvard,11
Kennesaw State,Carleton College,4
Kennesaw State,South Carolina,13
Kennesaw State,Illinois State,9
Kennesaw State,Alabama,14
Kennesaw State,Auburn,2
Kennesaw State,LSU,14
Kennesaw State,Illinois,3
Emory,Kennesaw State,9
Emory,Central Florida,7
Emory,Georgia Tech,13
Emory,LSU,13
Emory,Tennessee Tech,13
Emory,Georgia Southern,13
Emory,Georgia State,15
Emory,Clemson,12
Emory,Notre Dame,9
Emory,South Carolina,10
Emory,North Carolina,9
Emory,Oklahoma,13
Emory,Carleton College,8
Emory,Tufts,10
Emory,Michigan,6
Emory,Boston College,10
Emory,Brown,5
Emory,Wisconsin,5
Emory,Florida State,14
Georgia Tech,Kennesaw State,11
Georgia Tech,Emory,10
Georgia Tech,South Florida,13
Georgia Tech,Georgia,11
Georgia Tech,Florida,6
Georgia Tech,Florida Tech,13
Georgia Tech,LSU,15
Georgia Tech,Tennessee Tech,13
Georgia Tech,Georgia Southern,11
Georgia Tech,Tennessee,6
Georgia Tech,North Carolina,9
Georgia Tech,Georgetown,11
Georgia Tech,Notre Dame,13
Georgia Tech,Carleton College,13
Georgia Tech,Indiana,10
Georgia Tech,Clemson,13
Georgia Tech,George Mason,13
Georgia Tech,Ohio,12
Georgia Tech,Johns Hopkins,12
Tennessee,Tennessee,6
Tennessee,Georgia,2
Tennessee,Tulane,7
Tennessee,Alabama,14
Tennessee,Georgia State,12
Tennessee,Georgia Tech,15
Tennessee,Kennesaw State,15
Tennessee,Tennessee Tech,15
Tennessee,Georgia Southern,12
Tennessee,Georgetown,13
Tennessee,North Carolina,15
Tennessee,Clemson,8
Tennessee,Appalachian State,13
Tennessee,Johns Hopkins,7
Tennessee,Connecticut,9
Tennessee,Virginia,11
Tennessee,Dayton,12
Tennessee,Elon,11
Tennessee,Case Western,11
Tennessee,New Hampshire,13
Tennessee,Purdue,10
Tennessee,Ohio,13
Tennessee,James Madison,14
Tennessee,Drexel University,11
Tennessee,William,11
Tennessee,Mary Washington,12
Tennessee,Davidson,15
Tennessee,Richmond,11
Tennessee,Ohio State,8
Tennessee,Dartmouth,9
Tennessee,Penn State,15
Belmont,Stetson,13
Belmont,Berry,6
Belmont,North Georgia,6
Belmont,Samford,12
Belmont,Union,0
Belmont,Johnson,15
Samford,Embry,15
Samford,Florida Tech,7
Samford,Union,15
Samford,Berry,13
Samford,Belmont,15
Samford,North Georgia,10
Georgia State,Tennessee,11
Georgia State,Georgia,4
Georgia State,Emory,2
Georgia State,Mississippi State,13
Georgia State,Vanderbilt,13
Georgia State,Alabama,10
Georgia State,Kentucky,13
Georgia State,Illinois State,15
Georgia State,LSU,15
Georgia Southern,Tennessee Tech,13
Georgia Southern,Kennesaw State,8
Georgia Southern,Georgia Tech,12
Georgia Southern,Emory,1
Georgia Southern,Tennessee,9
Georgia Southern,Vermont,4
Georgia Southern,Pennsylvania,9
Georgia Southern,James Madison,8
Georgia Southern,Purdue,3
Georgia Southern,Dayton,12
Georgia Southern,George Mason,15
Georgia Southern,Elon,14
Georgia Southern,Columbus State,13
Georgia Southern,Miami,13
Georgia Southern,Mississippi State,8
Georgia Southern,Florida Tech,13
Georgia Southern,Berry,15
Tennessee Tech,Georgia Southern,6
Tennessee Tech,Georgia Tech,5
Tennessee Tech,Emory,3
Tennessee Tech,Kennesaw State,0
Tennessee Tech,Tennessee,0
Biola Univeristy,Claremont,3
Biola Univeristy,Occidental,7
Biola Univeristy,Caltech,7
Occidental,Biola Univeristy,15
Occidental,Claremont,4
Occidental,Caltech,11
Occidental,Sonoma State,13
Occidental,Nevada,5
Occidental,Air Force,4
Caltech,Claremont,7
Caltech,Biola Univeristy,13
Caltech,Occidental,6
Dallas Baptist,Trinity,8
Dallas Baptist,Dallas,0
Dallas Baptist,Sul Ross,4
Dallas Baptist,Abilene Christian,7
Dallas Baptist,Rice,3
Abilene Christian,Dallas,11
Abilene Christian,Sul Ross,6
Abilene Christian,Rice,7
Abilene Christian,Dallas Baptist,8
Abilene Christian,Trinity,8
Dallas,Abilene Christian,10
Dallas,Dallas Baptist,0
Dallas,Trinity,6
Dallas,Rice,7
Dallas,Sul Ross,4
Sul Ross,Abilene Christian,13
Sul Ross,Dallas Baptist,13
Sul Ross,Trinity,8
Sul Ross,Dallas,12
Sul Ross,Rice,12
Radford,Virginia Tech,2
Radford,William,3
Radford,Virginia Commonwealth,10
Radford,Virginia,2
Virginia Commonwealth,Virginia Tech,2
Virginia Commonwealth,Radford,15
Virginia Commonwealth,James Madison,8
Virginia Commonwealth,George Mason,12
Virginia Commonwealth,Mary Washington,11
Virginia Commonwealth,Vermont,4
Virginia Commonwealth,North Carolina,13
Virginia Commonwealth,Williams,11
Virginia Commonwealth,Drexel University,13
Virginia Commonwealth,Lehigh,15
George Mason,Liberty,7
George Mason,Virginia,9
George Mason,James Madison,4
George Mason,Virginia Tech,8
George Mason,Virginia Commonwealth,15
George Mason,Clemson,10
George Mason,Ohio,5
George Mason,Indiana,5
George Mason,Georgia Tech,10
George Mason,Elon,12
George Mason,Georgia Southern,10
George Mason,Dayton,11
George Mason,Richmond,10
George Mason,SUNY,6
George Mason,George Washington,15
George Mason,Lehigh,13
George Mason,North Carolina,11
West Virginia,Penn State,4
West Virginia,Pittsburgh,1
West Virginia,Slippery Rock,10
West Virginia,Edinboro,6
West Virginia,Indiana,13
West Virginia,Carnegie Mellon,0
Slippery Rock,Carnegie Mellon,4
Slippery Rock,Penn State,5
Slippery Rock,West Virginia,6
Slippery Rock,Indiana,14
Slippery Rock,Pittsburgh,1
Slippery Rock,Edinboro,10
Edinboro,Indiana,15
Edinboro,Pittsburgh,0
Edinboro,West Virginia,14
Edinboro,Carnegie Mellon,2
Edinboro,Penn State,3
Edinboro,Slippery Rock,14
Allegheny,Bucknell,6
Allegheny,Grove City,5
Allegheny,Messiah,1
Allegheny,Susquehanna,5
Allegheny,California,11
Bucknell,Allegheny,13
Bucknell,Messiah,7
Bucknell,Grove City,11
Bucknell,Dickinson,14
Bucknell,Susquehanna,11
Susquehanna,California,12
Susquehanna,Shippensburg,9
Susquehanna,Dickinson,7
Susquehanna,Grove City,7
Susquehanna,Allegheny,15
Susquehanna,Bucknell,15
Dickinson,California,14
Dickinson,Susquehanna,12
Dickinson,Shippensburg,7
Dickinson,Bucknell,15
Dickinson,Grove City,4
Iowa,Creighton,13
Iowa,Iowa State,10
Iowa,Nebraska,13
Iowa,Northern Iowa,13
Creighton,Iowa,2
Creighton,Nebraska,6
Creighton,Northern Iowa,3
Creighton,Iowa State,0
Northern Iowa,Nebraska,13
Northern Iowa,Iowa State,2
Northern Iowa,Creighton,13
Northern Iowa,Iowa,5
Nebraska,Northern Iowa,10
Nebraska,Creighton,13
Nebraska,Iowa,4
Nebraska,Iowa State,6
Nebraska,Nebraska,6
Nebraska,Kansas State,11
Nebraska,John Brown,9
Nebraska,North Texas,13
Nebraska,Oklahoma State,4
Nebraska,Baylor,10
Nebraska,Colorado College,5
Nebraska,Texas State,0
Nebraska,Oklahoma,0
Grinnell,Coe,13
Grinnell,Luther,4
Grinnell,Drake,4
Grinnell,Cornell College,13
Coe,Grinnell,3
Coe,Drake,0
Coe,Cornell College,6
Coe,Luther,1
Drake,Coe,13
Drake,Grinnell,11
Drake,Cornell College,13
Drake,Luther,6
Cornell College,Coe,10
Cornell College,Drake,8
Cornell College,Grinnell,4
Cornell College,Luther,5
St Lawrence,Rochester,6
St Lawrence,Hamilton,6
St Lawrence,SUNY,3
Johnson,Belmont,11
Johnson,Union,5
Marcus,Oklahoma,3
Marcus,Rice,10
Marcus,Southern Methodist,11
Marcus,Texas Tech,3
Marcus,Texas State,11
Marcus,Colorado College,3
Marcus,Texas,15
Drexel University,Tennessee,9
Drexel University,William,5
Drexel University,Case Western,6
Drexel University,Vermont,4
Drexel University,James Madison,9
Drexel University,Virginia Commonwealth,15
Drexel University,George Washington,15
Drexel University,North Carolina,11
The University,Grand Canyon,8
The University,University of,1
The University,Colorado State,5
The University,Brigham Young,3
The University,Arizona State,3
The University,Air Force,6
The University,Arizona,11
University of,The University,11
University of,Brigham Young,11
University of,Arizona State,11
University of,Grand Canyon,13
University of,Northern Arizona,13
Columbus State,Georgia Southern,2
Columbus State,Mississippi State,0
Columbus State,Miami,7
Columbus State,Florida Tech,8
Columbus State,Berry,12
Columbus State,Central Arkansas,W
Seven Hills,California,9
Seven Hills,Duke,8
Seven Hills,Portland,10
Seven Hills,Stanford,13
Seven Hills,North Texas,10
Seven Hills,Chico State,5
Coup Red,UCLA,2
Coup Red,Humboldt State,10
Coup Red,Utah State,9
Coup Red,Whitworth,11
Control,Carleton College,3
Control,Sacramento State,12
Control,Claremont,7
Control,Oregon,8
